citycode;population;PCT_working_high;Student_per1000;women_per_100;Median_population_age;household_size;pct_unemployment;households_1_person;car_1000;car_killed_1000;pct_nationals;birth_1000;cities_name
AT001C;1766746.0;24.0;98.0;107.7;40.5;2.0;12.0;45.0;393.49;0.12;76.0;11.0;Wien
AT002C;269997.0;31.0;206.0;105.9;38.5;2.0;9.0;46.0;521.82;0.33;83.0;10.0;Graz
AT003C;193814.0;22.0;143.0;109.1;42.5;2.0;8.0;52.0;521.82;0.41;83.0;11.0;Linz
AT004C;146631.0;25.0;142.0;111.7;43.5;2.0;7.0;47.0;521.82;0.2;78.0;10.0;Salzburg
AT005C;124579.0;28.0;292.0;108.6;40.5;2.0;7.0;49.0;521.82;0.0;80.0;9.0;Innsbruck
AT006C;96640.0;19.0;136.0;113.5;44.5;2.0;10.0;46.0;521.82;0.31;88.0;9.0;Klagenfurt
BE001C;1226329.0;43.0;100.0;103.1;35.0;2.0;13.0;46.0;402.82;0.07;64.0;13.0;Bruxelles/Brussel
BE002C;530627.0;35.0;103.0;99.5;37.0;2.0;7.0;44.0;384.45;0.4;78.0;14.0;Antwerpen
BE003C;264019.0;35.0;335.0;100.4;37.0;2.0;5.0;41.0;414.38;0.45;84.0;13.0;Gent
BE004C;238412.0;35.0;33.0;104.9;40.0;2.0;13.0;42.0;427.55;0.29;84.0;11.0;Charleroi
BE005C;405980.0;35.0;121.0;104.0;39.0;2.0;12.0;46.0;429.76;0.32;83.0;11.0;Liège
BE006C;118802.0;35.0;36.0;104.6;46.0;2.0;3.0;38.0;481.27;0.59;93.0;8.0;Brugge
BE007C;112373.0;35.0;145.0;105.8;41.0;2.0;9.0;44.0;470.28;0.36;90.0;10.0;Namur
BE008C;100772.0;35.0;570.0;99.5;36.0;2.0;4.0;47.0;820.69;0.2;81.0;11.0;Leuven
BE009C;157333.0;35.0;115.0;106.2;40.0;2.0;10.0;42.0;519.06;0.64;85.0;10.0;Mons
BE010C;77303.0;35.0;193.0;102.7;42.0;2.0;3.0;37.0;558.15;0.91;91.0;10.0;Kortrijk
BE011C;71861.0;35.0;5.0;103.6;49.0;2.0;6.0;47.0;400.29;0.14;89.0;8.0;Oostende
BE012C;87210.0;35.0;79.0;104.0;38.0;2.0;5.0;35.0;398.31;0.34;89.0;11.0;Mechelen
BE013C;59681.0;35.0;4.0;104.8;40.0;2.0;5.0;35.0;472.85;0.67;73.0;11.0;Mouscron
BE014C;104550.0;35.0;7.0;105.0;41.0;2.0;5.0;36.0;460.24;0.19;84.0;10.0;La Louvière
BE015C;70490.0;35.0;10.0;104.2;38.0;2.0;5.0;42.0;420.81;0.28;87.0;13.0;Verviers
BG001C;1242568.0;49.0;79.0;108.9;40.4;2.0;2.0;35.0;654.93;0.28;98.0;10.0;Sofia
BG002C;347851.0;37.0;102.0;110.9;41.9;2.0;2.0;35.0;540.14;0.06;99.0;9.0;Plovdiv
BG003C;336216.0;40.0;73.0;107.2;42.3;2.0;2.0;34.0;554.88;0.36;97.0;9.0;Varna
BG004C;201779.0;34.0;30.0;111.0;43.3;2.0;2.0;35.0;574.09;0.25;98.0;8.0;Burgas
BG005C;95086.0;34.0;36.0;111.0;47.2;2.0;5.0;33.0;649.01;0.42;99.0;7.0;Pleven
BG006C;141231.0;31.0;45.0;106.5;44.8;2.0;2.0;34.0;593.12;0.42;99.0;7.0;Ruse
BG007C;40620.0;25.0;10.0;107.4;47.3;2.0;6.0;32.0;697.08;2.22;99.0;6.0;Vidin
BG008C;134726.0;33.0;37.0;109.5;43.9;2.0;2.0;35.0;613.44;0.59;98.0;8.0;Stara Zagora
BG009C;84985.0;26.0;14.0;110.0;43.9;2.0;5.0;33.0;710.59;1.53;99.0;9.0;Sliven
BG010C;82240.0;26.0;8.0;110.3;46.2;2.0;5.0;33.0;529.9;0.73;99.0;7.0;Dobrich
BG011C;75442.0;32.0;89.0;110.0;44.9;2.0;5.0;33.0;601.59;0.27;98.0;7.0;Shumen
BG012C;72241.0;24.0;1.0;109.0;46.4;2.0;5.0;33.0;898.36;0.14;99.0;7.0;Pernik
BG013C;67222.0;26.0;12.0;107.1;45.2;2.0;5.0;33.0;539.49;0.15;99.0;10.0;Yambol
BG014C;69219.0;27.0;14.0;111.2;45.2;2.0;5.0;33.0;665.01;0.43;99.0;7.0;Haskovo
BG015C;67650.0;27.0;0.0;108.3;44.4;2.0;5.0;33.0;860.77;0.74;99.0;7.0;Pazardzhik
BG016C;68679.0;34.0;136.0;110.8;41.2;2.0;6.0;35.0;578.87;0.0;98.0;9.0;Blagoevgrad
BG017C;68828.0;42.0;174.0;111.0;40.3;2.0;6.0;33.0;683.09;1.16;99.0;8.0;Veliko Tarnovo
BG018C;51674.0;30.0;17.0;109.0;47.0;2.0;6.0;35.0;656.92;0.58;99.0;8.0;Vratsa
CH001C;229648.0;58.0;132.0;106.6;41.5;2.0;5.0;44.0;406.26;0.09;77.0;11.0;Bern
CH002C;704537.0;61.0;108.0;99.6;39.5;2.0;6.0;42.0;414.32;0.11;67.0;12.0;Zürich
CH003C;419185.0;46.0;58.0;106.4;40.5;2.0;13.0;39.0;400.36;0.26;57.0;11.0;Genève
CH004C;346276.0;53.0;61.0;106.2;44.3;2.0;6.0;43.0;391.64;0.23;68.0;10.0;Basel
CH005C;258799.0;49.0;153.0;104.5;38.3;2.0;10.0;44.0;404.4;0.12;59.0;11.0;Lausanne
CH006C;165306.0;47.0;103.0;104.6;41.7;2.0;5.0;41.0;435.92;0.06;75.0;11.0;Luzern
CH007C;115129.0;50.0;120.0;102.3;39.2;2.0;6.0;39.0;397.63;0.26;75.0;12.0;Winterthur
CH008C;88138.0;45.0;33.0;107.0;46.6;2.0;8.0;45.0;604.72;0.11;62.0;7.0;Lugano
CH009C;76328.0;46.0;190.0;101.6;39.2;2.0;7.0;46.0;448.82;0.13;68.0;11.0;St. Gallen
CH010C;53031.0;28.0;39.0;105.2;41.6;2.0;11.0;43.0;391.71;0.0;70.0;11.0;Biel/Bienne
CY001C;241400.0;45.0;85.0;108.8;4.191.330.166.270.780;3.0;9.0;25.0;501.27;1.16;79.0;11.0;Lefkosia
CZ001C;1324277.0;39.0;95.0;104.6;40.3;2.0;7.0;38.0;540.67;0.13;87.0;11.0;Praha
CZ002C;381346.0;39.0;165.0;106.2;40.9;2.0;9.0;37.0;424.73;0.21;95.0;12.0;Brno
CZ003C;287968.0;23.0;72.0;106.0;40.7;2.0;13.0;37.0;378.48;0.31;95.0;11.0;Ostrava
CZ004C;174842.0;27.0;75.0;104.6;41.5;2.0;8.0;37.0;485.95;0.76;93.0;11.0;Plzeň
CZ005C;92716.0;17.0;82.0;105.5;39.6;2.0;13.0;37.0;401.03;0.54;94.0;10.0;Ústí nad Labem
CZ006C;100663.0;34.0;200.0;110.8;40.5;2.0;10.0;36.0;389.84;0.4;98.0;11.0;Olomouc
CZ007C;104802.0;24.0;56.0;106.2;39.7;2.0;9.0;35.0;416.65;0.58;94.0;11.0;Liberec
CZ008C;94463.0;28.0;142.0;108.5;41.1;2.0;8.0;37.0;504.17;1.17;96.0;11.0;České Budějovice
CZ009C;92939.0;31.0;103.0;108.0;42.7;2.0;7.0;35.0;467.43;0.54;96.0;10.0;Hradec Králové
CZ010C;91727.0;26.0;79.0;102.6;41.7;2.0;7.0;36.0;462.3;1.11;95.0;11.0;Pardubice
CZ011C;74935.0;29.0;116.0;108.5;42.0;2.0;8.0;34.0;404.44;0.8;97.0;10.0;Zlín
CZ012C;69337.0;19.0;0.0;107.5;40.6;2.0;10.0;35.0;468.83;0.87;94.0;11.0;Kladno
CZ013C;48479.0;19.0;0.0;108.4;44.0;2.0;11.0;39.0;430.88;0.62;85.0;9.0;Karlovy Vary
CZ014C;51216.0;21.0;45.0;103.7;40.6;2.0;8.0;34.0;430.24;1.97;95.0;10.0;Jihlava
CZ015C;71200.0;16.0;4.0;105.5;41.9;2.0;16.0;35.0;359.22;0.0;96.0;9.0;Havířov
CZ016C;66034.0;13.0;0.0;103.5;39.8;2.0;16.0;38.0;404.13;0.6;94.0;10.0;Most
CZ017C;52128.0;11.0;0.0;102.6;42.1;2.0;18.0;35.0;358.64;2.06;94.0;10.0;Karviná
CZ018C;67876.0;11.0;0.0;102.4;39.0;2.0;14.0;36.0;420.67;0.44;92.0;11.0;Chomutov-Jirkov
DE001C;3664088.0;43.0;56.0;103.3;41.3;2.0;6.0;55.0;287.5;0.14;81.0;11.0;Berlin
DE002C;1852478.0;37.0;64.0;104.3;40.9;2.0;5.0;54.0;345.07;0.08;83.0;11.0;Hamburg
DE003C;1488202.0;54.0;75.0;105.0;39.7;2.0;4.0;54.0;344.72;0.13;74.0;12.0;München
DE004C;1083498.0;40.0;96.0;105.2;40.5;2.0;6.0;51.0;362.41;0.16;81.0;11.0;Köln
DE005C;764104.0;42.0;95.0;102.6;39.3;2.0;5.0;53.0;317.9;0.18;70.0;11.0;Frankfurt am Main
DE006C;582415.0;32.0;57.0;105.7;44.7;2.0;7.0;50.0;433.02;0.12;84.0;10.0;Essen
DE007C;630305.0;48.0;82.0;100.3;39.8;2.0;4.0;52.0;354.93;0.11;75.0;11.0;Stuttgart
DE008C;597493.0;43.0;66.0;103.6;39.4;2.0;5.0;55.0;341.11;0.25;90.0;11.0;Leipzig
DE009C;556227.0;45.0;68.0;100.8;40.7;2.0;4.0;51.0;351.74;0.18;92.0;10.0;Dresden
DE010C;587696.0;29.0;90.0;103.3;43.8;2.0;7.0;49.0;448.42;0.15;82.0;10.0;Dortmund
DE011C;620523.0;47.0;100.0;106.9;42.4;2.0;5.0;54.0;368.63;0.19;79.0;11.0;Düsseldorf
DE012C;566573.0;33.0;61.0;102.5;43.5;1.0;6.0;29.0;369.39;0.18;81.0;10.0;Bremen
DE013C;534049.0;32.0;94.0;104.5;40.9;2.0;6.0;55.0;336.25;0.15;82.0;11.0;Hannover
DE014C;515543.0;30.0;52.0;104.7;42.3;2.0;5.0;50.0;400.35;0.15;77.0;11.0;Nürnberg
DE015C;364454.0;35.0;159.0;104.9;45.3;2.0;6.0;49.0;462.92;0.16;87.0;9.0;Bochum
DE016C;333509.0;31.0;115.0;107.4;42.4;2.0;5.0;47.0;452.86;0.21;85.0;11.0;Bielefeld
DE017C;237865.0;30.0;92.0;106.4;43.8;2.0;6.0;53.0;350.51;0.13;90.0;9.0;Halle an der Saale
DE018C;235775.0;32.0;72.0;102.8;45.2;2.0;6.0;53.0;410.93;0.08;90.0;9.0;Magdeburg
DE019C;278609.0;42.0;51.0;109.1;43.2;2.0;6.0;47.0;434.04;0.18;80.0;11.0;Wiesbaden
DE020C;116845.0;49.0;255.0;105.5;39.1;1.0;5.0;60.0;383.98;0.25;91.0;10.0;Göttingen
DE021C;170921.0;31.0;39.0;107.4;48.1;2.0;5.0;46.0;496.76;0.06;84.0;10.0;Mülheim a.d.Ruhr
DE022C;103487.0;24.0;0.0;106.7;47.6;2.0;5.0;41.0;551.11;0.38;87.0;9.0;Moers
DE023C;159174.0;46.0;279.0;96.4;37.9;2.0;5.0;52.0;377.55;0.19;80.0;11.0;Darmstadt
DE024C;110674.0;40.0;149.0;102.5;39.0;2.0;6.0;54.0;1258.37;0.0;85.0;9.0;Trier
DE025C;230940.0;54.0;141.0;109.5;37.4;2.0;5.0;54.0;332.4;0.13;83.0;11.0;Freiburg im Breisgau
DE026C;152270.0;45.0;206.0;105.7;38.2;2.0;3.0;56.0;411.25;0.13;83.0;11.0;Regensburg
DE027C;57015.0;33.0;91.0;105.8;50.2;2.0;6.0;48.0;437.08;0.0;89.0;7.0;Frankfurt (Oder)
DE028C;65098.0;48.0;73.0;107.1;44.2;2.0;5.0;48.0;403.72;0.15;91.0;8.0;Weimar
DE029C;95609.0;28.0;8.0;108.2;47.9;2.0;6.0;48.0;398.82;0.0;91.0;9.0;Schwerin
DE030C;213692.0;36.0;399.0;105.6;44.2;2.0;5.0;49.0;397.44;0.14;91.0;9.0;Erfurt
DE031C;295830.0;38.0;91.0;102.9;41.1;1.0;4.0;29.0;397.54;0.17;78.0;11.0;Augsburg
DE032C;330579.0;43.0;119.0;109.0;40.2;2.0;5.0;46.0;401.48;0.12;83.0;10.0;Bonn
DE033C;308436.0;46.0;122.0;95.5;40.0;2.0;4.0;56.0;371.43;0.13;81.0;10.0;Karlsruhe
DE034C;259665.0;21.0;32.0;103.0;45.5;2.0;6.0;46.0;478.0;0.15;83.0;10.0;Mönchengladbach
DE035C;217123.0;52.0;171.0;105.2;38.3;2.0;4.0;51.0;385.98;0.05;82.0;10.0;Mainz
DE036C;246601.0;40.0;147.0;105.4;39.8;2.0;5.0;56.0;385.5;0.2;88.0;10.0;Kiel
DE037C;179349.0;25.0;178.0;101.2;44.3;2.0;6.0;56.0;455.65;0.0;81.0;9.0;Saarbrücken
DE038C;182112.0;38.0;147.0;106.7;41.5;2.0;4.0;50.0;373.8;0.17;91.0;10.0;Potsdam
DE039C;113388.0;35.0;142.0;104.2;42.5;2.0;5.0;51.0;452.85;0.26;86.0;10.0;Koblenz
DE040C;209061.0;34.0;68.0;103.0;44.0;2.0;5.0;55.0;367.76;0.19;93.0;9.0;Rostock
DE041C;99662.0;33.0;165.0;98.2;42.0;2.0;7.0;70.0;437.2;0.2;83.0;10.0;Kaiserslautern
DE042C;91815.0;21.0;27.0;104.1;46.3;2.0;5.0;42.0;546.18;0.11;87.0;9.0;Iserlohn
DE043C;92722.0;37.0;55.0;99.8;43.3;2.0;5.0;46.0;468.28;0.21;76.0;10.0;Esslingen am Neckar
DE044C;97137.0;17.0;34.0;103.0;43.2;2.0;7.0;37.0;451.1;0.21;74.0;12.0;Hanau
DE045C;75189.0;25.0;52.0;103.7;48.6;2.0;8.0;53.0;491.91;0.26;90.0;9.0;Wilhelmshaven
DE046C;93358.0;45.0;110.0;102.5;42.0;2.0;4.0;45.0;473.88;0.11;78.0;12.0;Ludwigsburg
DE047C;91077.0;55.0;305.0;109.9;34.6;2.0;3.0;55.0;360.58;0.22;84.0;10.0;Tübingen
DE048C;85686.0;29.0;81.0;103.7;45.3;2.0;5.0;42.0;516.01;0.12;79.0;9.0;Villingen-Schwenningen
DE049C;89934.0;23.0;111.0;100.8;41.3;2.0;6.0;52.0;426.91;0.0;85.0;10.0;Flensburg
DE050C;76401.0;48.0;288.0;109.8;34.6;2.0;4.0;53.0;383.24;0.26;86.0;9.0;Marburg
DE051C;84446.0;44.0;191.0;108.9;39.6;2.0;4.0;54.0;384.32;0.12;84.0;9.0;Konstanz
DE052C;79905.0;23.0;34.0;102.0;46.2;2.0;5.0;40.0;460.04;0.12;87.0;9.0;Neumünster
DE053C;72040.0;32.0;38.0;103.0;50.8;2.0;5.0;50.0;432.44;0.14;94.0;8.0;Brandenburg an der Havel
DE054C;90131.0;37.0;431.0;102.5;34.4;2.0;6.0;57.0;344.24;0.22;80.0;11.0;Gießen
DE055C;75301.0;48.0;128.0;107.5;41.2;2.0;5.0;46.0;402.28;0.0;92.0;10.0;Lüneburg
DE056C;74048.0;39.0;173.0;104.6;41.9;2.0;4.0;49.0;430.42;0.13;87.0;8.0;Bayreuth
DE057C;69399.0;20.0;0.0;106.2;46.8;2.0;5.0;44.0;502.44;0.43;94.0;9.0;Celle
DE058C;70858.0;32.0;48.0;105.2;44.7;2.0;4.0;43.0;496.75;0.28;83.0;10.0;Aschaffenburg
DE059C;76674.0;37.0;159.0;106.9;40.2;2.0;3.0;54.0;429.58;0.26;85.0;10.0;Bamberg
DE060C;64014.0;21.0;0.0;105.3;49.9;2.0;5.0;47.0;478.58;0.15;98.0;9.0;Plauen
DE061C;63372.0;25.0;35.0;107.2;48.6;2.0;7.0;47.0;435.25;0.16;99.0;9.0;Neubrandenburg
DE062C;67980.0;25.0;137.0;103.6;42.5;2.0;4.0;38.0;468.25;0.15;83.0;11.0;Fulda
DE063C;68940.0;32.0;77.0;101.9;43.7;2.0;3.0;44.0;477.82;0.0;83.0;10.0;Kempten (Allgäu)
DE064C;73065.0;36.0;62.0;104.8;43.3;2.0;4.0;47.0;451.84;0.27;80.0;10.0;Landshut
DE065C;64595.0;36.0;34.0;100.9;43.5;2.0;4.0;40.0;497.43;0.15;75.0;11.0;Sindelfingen
DE066C;63591.0;32.0;86.0;102.0;42.5;2.0;4.0;49.0;464.67;0.31;78.0;11.0;Rosenheim
DE067C;48750.0;32.0;34.0;105.3;45.9;2.0;6.0;61.0;496.0;0.0;82.0;10.0;Frankenthal (Pfalz)
DE068C;59205.0;26.0;40.0;105.2;47.8;2.0;7.0;52.0;400.35;0.17;99.0;9.0;Stralsund
DE069C;61221.0;42.0;36.0;101.4;44.9;2.0;3.0;40.0;513.6;0.16;81.0;11.0;Friedrichshafen
DE070C;60388.0;30.0;69.0;103.7;45.0;2.0;4.0;45.0;37.62;0.17;86.0;10.0;Offenburg
DE071C;55784.0;28.0;26.0;106.9;50.0;2.0;8.0;60.0;405.27;0.18;96.0;9.0;Görlitz
DE072C;55590.0;32.0;114.0;105.2;46.1;2.0;4.0;37.0;526.21;0.72;89.0;9.0;Sankt Augustin
DE073C;58841.0;34.0;70.0;103.2;42.4;2.0;3.0;39.0;488.39;0.17;90.0;12.0;Neu-Ulm
DE074C;53319.0;27.0;60.0;103.6;44.9;2.0;5.0;41.0;440.72;0.37;81.0;10.0;Schweinfurt
DE075C;59282.0;21.0;175.0;109.6;39.2;2.0;5.0;55.0;373.33;0.34;98.0;10.0;Greifswald
DE076C;53188.0;36.0;34.0;106.3;45.6;2.0;7.0;38.0;520.42;0.38;83.0;10.0;Wetzlar
DE077C;50741.0;40.0;6.0;105.6;47.6;2.0;5.0;35.0;507.78;0.0;85.0;9.0;Speyer
DE078C;52415.0;35.0;226.0;105.7;41.4;2.0;4.0;55.0;447.97;0.0;83.0;8.0;Passau
DE079C;79354.0;26.0;21.0;106.0;53.8;2.0;5.0;59.0;479.96;0.25;94.0;7.0;Dessau-Roßlau
DE080C;495885.0;18.0;34.0;102.2;44.2;2.0;7.0;46.0;427.26;0.12;79.0;10.0;Duisburg
DE081C;309721.0;36.0;91.0;100.8;40.8;2.0;6.0;52.0;399.59;0.26;76.0;10.0;Mannheim
DE082C;259105.0;17.0;22.0;101.2;44.7;2.0;9.0;48.0;431.18;0.19;79.0;11.0;Gelsenkirchen
DE083C;316403.0;45.0;197.0;108.1;38.4;2.0;3.0;51.0;391.94;0.03;89.0;10.0;Münster
DE084C;244401.0;34.0;40.0;102.1;48.2;2.0;5.0;48.0;442.44;0.12;91.0;8.0;Chemnitz
DE085C;248561.0;43.0;75.0;101.7;43.0;2.0;4.0;54.0;439.28;0.2;89.0;10.0;Braunschweig
DE086C;248878.0;41.0;247.0;91.5;37.2;2.0;5.0;58.0;384.81;0.12;81.0;9.0;Aachen
DE087C;226844.0;28.0;24.0;104.9;46.5;2.0;7.0;47.0;468.58;0.09;83.0;9.0;Krefeld
DE088C;209566.0;20.0;0.0;103.8;46.7;2.0;7.0;43.0;489.91;0.05;85.0;9.0;Oberhausen
DE089C;215846.0;24.0;64.0;108.3;46.4;2.0;5.0;52.0;406.91;0.05;89.0;8.0;Lübeck
DE090C;188687.0;22.0;19.0;104.6;46.3;2.0;7.0;43.0;478.05;0.11;81.0;11.0;Hagen
DE091C;201048.0;35.0;161.0;103.3;41.0;2.0;6.0;52.0;382.77;0.05;81.0;10.0;Kassel
DE092C;178967.0;19.0;21.0;103.2;44.7;2.0;6.0;35.0;499.66;0.17;84.0;9.0;Hamm
DE093C;156940.0;24.0;1.0;103.7;46.2;2.0;7.0;44.0;461.14;0.06;82.0;9.0;Herne
DE094C;159193.0;21.0;0.0;106.0;46.6;2.0;5.0;43.0;515.96;0.19;83.0;10.0;Solingen
DE095C;164223.0;36.0;152.0;106.6;39.9;2.0;5.0;52.0;437.14;0.18;87.0;11.0;Osnabrück
DE096C;172557.0;25.0;28.0;99.1;42.0;2.0;7.0;48.0;422.67;0.12;73.0;11.0;Ludwigshafen am Rhein
DE097C;163905.0;27.0;5.0;105.3;46.2;2.0;5.0;43.0;483.22;0.12;84.0;10.0;Leverkusen
DE098C;169605.0;40.0;103.0;108.5;41.9;2.0;5.0;49.0;457.22;0.12;90.0;10.0;Oldenburg (Oldenburg)
DE099C;153109.0;31.0;6.0;106.3;44.9;2.0;5.0;38.0;481.84;0.45;85.0;11.0;Neuss
DE100C;158741.0;50.0;224.0;108.1;36.5;2.0;4.0;56.0;309.16;0.06;80.0;10.0;Heidelberg
DE101C;151864.0;32.0;137.0;100.5;40.3;2.0;5.0;42.0;482.88;0.26;88.0;11.0;Paderborn
DE102C;126954.0;41.0;265.0;109.1;38.8;2.0;3.0;58.0;413.13;0.16;88.0;11.0;Würzburg
DE103C;110705.0;25.0;18.0;105.9;46.7;2.0;6.0;41.0;542.86;0.0;87.0;9.0;Recklinghausen
DE104C;123840.0;36.0;22.0;100.9;44.8;2.0;4.0;47.0;444.57;0.16;84.0;10.0;Wolfsburg
DE105C;113557.0;14.0;25.0;100.8;44.7;2.0;8.0;50.0;396.6;0.35;81.0;10.0;Bremerhaven
DE106C;117388.0;27.0;13.0;105.5;47.9;2.0;5.0;44.0;545.73;0.26;89.0;9.0;Bottrop
DE107C;126458.0;26.0;70.0;98.3;41.7;2.0;5.0;44.0;459.05;0.16;74.0;11.0;Heilbronn
DE108C;111516.0;20.0;0.0;102.2;47.1;2.0;5.0;43.0;495.55;0.0;81.0;9.0;Remscheid
DE109C;130892.0;31.0;6.0;101.2;39.7;2.0;8.0;49.0;364.84;0.23;63.0;12.0;Offenbach am Main
DE110C;126405.0;50.0;109.0;101.5;39.8;2.0;4.0;46.0;426.44;0.08;80.0;11.0;Ulm
DE111C;126016.0;28.0;46.0;103.0;42.1;2.0;6.0;47.0;426.79;0.32;73.0;12.0;Pforzheim
DE112C;136952.0;43.0;52.0;97.9;40.9;2.0;3.0;43.0;462.06;0.36;81.0;12.0;Ingolstadt
DE113C;92126.0;26.0;26.0;107.1;52.5;2.0;7.0;42.0;446.32;0.21;93.0;7.0;Gera
DE114C;103866.0;23.0;20.0;101.3;45.8;2.0;7.0;44.0;501.61;0.38;82.0;11.0;Salzgitter
DE115C;116031.0;35.0;47.0;102.5;44.0;2.0;4.0;43.0;501.62;0.0;81.0;10.0;Reutlingen
DE116C;128223.0;24.0;3.0;104.1;43.1;2.0;4.0;45.0;440.42;0.08;80.0;11.0;Fürth
DE117C;98693.0;33.0;59.0;104.1;48.9;2.0;5.0;46.0;435.89;0.3;91.0;9.0;Cottbus
DE118C;101943.0;34.0;181.0;103.7;44.4;2.0;5.0;47.0;504.1;0.1;86.0;10.0;Siegen
DE119C;111636.0;37.0;6.0;108.8;47.7;2.0;4.0;32.0;533.47;0.18;89.0;8.0;Bergisch Gladbach
DE120C;101055.0;30.0;118.0;109.2;45.1;2.0;6.0;51.0;440.3;0.0;91.0;9.0;Hildesheim
DE121C;95876.0;34.0;30.0;105.4;47.2;2.0;5.0;46.0;521.3;0.0;88.0;9.0;Witten
DE122C;87516.0;27.0;33.0;105.5;50.0;2.0;4.0;48.0;482.49;0.23;98.0;9.0;Zwickau
DE123C;112385.0;59.0;249.0;100.9;38.7;2.0;3.0;49.0;432.55;0.09;81.0;10.0;Erlangen
DE124C;355004.0;27.0;66.0;103.8;44.4;2.0;6.0;43.0;434.03;0.11;80.0;10.0;Wuppertal
DE125C;110731.0;46.0;198.0;100.0;39.1;2.0;4.0;50.0;356.26;0.27;90.0;10.0;Jena
DE126C;91272.0;21.0;34.0;102.2;46.0;2.0;7.0;40.0;468.35;0.33;83.0;11.0;Düren, Stadt
DE127C;71061.0;20.0;23.0;103.8;46.0;2.0;3.0;40.0;520.61;0.56;91.0;10.0;Bocholt, Stadt
DK001C;559440.0;33.0;44.0;101.6;36.0;2.0;4.0;39.0;350.75;0.68;94.0;12.0;København
DK002C;319094.0;42.0;111.0;104.2;37.5;2.0;5.0;40.0;289.56;0.68;94.0;14.0;Århus
DK003C;193370.0;33.0;78.0;105.0;39.2;2.0;5.0;40.0;313.1;0.68;94.0;13.0;Odense
DK004C;203448.0;34.0;78.0;101.8;39.7;2.0;6.0;41.0;322.19;0.68;96.0;12.0;Aalborg
EE001C;438341.0;50.0;54.0;119.5;40.0;2.0;6.0;45.0;331.76;0.09;78.0;10.0;Tallinn
EE002C;95430.0;48.0;174.0;121.5;39.0;2.0;4.0;44.0;379.49;0.31;91.0;11.0;Tartu
EE003C;53424.0;35.0;11.0;123.0;49.0;2.0;16.0;42.0;387.39;0.19;49.0;6.0;Narva
EL001C;2622404.0;26.0;32.0;104.0;41.0;3.0;19.0;26.0;479.21;1.05;92.0;10.0;Hellas/Greece
EL002C;315196.0;33.0;131.0;114.0;42.0;2.0;11.0;28.0;479.21;0.62;93.0;10.0;Thessaloniki
EL003C;170896.0;24.0;45.0;102.9;37.0;3.0;16.0;22.0;479.21;0.87;94.0;11.0;Pátra
EL004C;151324.0;26.0;59.0;102.6;36.0;3.0;11.0;22.0;479.21;1.41;96.0;14.0;Irakleio
EL005C;146926.0;27.0;70.0;104.8;38.0;3.0;11.0;17.0;479.21;1.81;96.0;12.0;Larisa
EL006C;86046.0;26.0;28.0;108.1;41.0;3.0;12.0;22.0;479.21;1.18;96.0;10.0;Volos
EL007C;80371.0;33.0;93.0;110.6;38.0;3.0;13.0;24.0;479.21;0.79;94.0;11.0;Ioannina
EL008C;58790.0;23.0;69.0;108.6;43.0;3.0;12.0;21.0;479.21;0.94;95.0;10.0;Kavala
EL009C;62409.0;20.0;53.0;103.8;40.0;3.0;12.0;19.0;479.21;1.3;95.0;11.0;Kalamata
ES001C;5098717.0;48.0;67.0;111.4;43.4;3.0;13.0;27.0;430.74;0.14;86.0;8.0;Madrid
ES002C;3755512.0;45.0;78.0;107.1;43.2;3.0;12.0;27.0;349.74;0.14;82.0;8.0;Barcelona
ES003C;1417464.0;41.0;90.0;107.4;44.0;3.0;16.0;28.0;441.3;0.12;88.0;7.0;Valencia
ES004C;884899.0;43.0;108.0;109.3;43.5;3.0;20.0;26.0;452.76;0.14;95.0;8.0;Sevilla
ES005C;681877.0;46.0;53.0;109.1;45.4;2.0;12.0;29.0;373.34;0.18;88.0;7.0;Zaragoza
ES006C;578460.0;35.0;88.0;108.2;42.9;3.0;18.0;26.0;442.02;0.26;91.0;8.0;Málaga
ES007C;459403.0;39.0;115.0;104.2;41.4;3.0;16.0;24.0;487.59;0.17;87.0;9.0;Murcia
ES008C;381223.0;36.0;75.0;107.3;45.0;3.0;22.0;27.0;425.03;0.05;92.0;6.0;Las Palmas
ES009C;299265.0;46.0;83.0;113.4;49.4;2.0;12.0;31.0;438.39;0.23;95.0;6.0;Valladolid
ES010C;422587.0;34.0;53.0;104.5;41.4;3.0;18.0;26.0;532.47;0.24;83.0;8.0;Palma de Mallorca
ES011C;97848.0;55.0;256.0;115.2;46.3;2.0;11.0;31.0;481.81;0.1;95.0;6.0;Santiago de Compostela
ES012C;253996.0;50.0;47.0;105.5;45.1;2.0;8.0;31.0;423.47;0.0;89.0;7.0;Vitoria/Gasteiz
ES013C;219910.0;50.0;85.0;116.1;47.9;2.0;13.0;33.0;436.76;0.09;93.0;6.0;Oviedo
ES014C;334398.0;52.0;74.0;108.0;43.5;3.0;10.0;28.0;456.96;0.03;90.0;8.0;Pamplona/Iruña
ES015C;173375.0;47.0;115.0;116.9;48.7;2.0;13.0;32.0;443.99;0.29;91.0;6.0;Santander
ES016C;85811.0;51.0;107.0;109.6;42.3;3.0;13.0;29.0;504.13;0.12;91.0;8.0;Toledo
ES017C;150984.0;39.0;74.0;106.3;42.7;3.0;21.0;26.0;523.13;0.46;96.0;8.0;Badajoz
ES018C;152485.0;45.0;275.0;110.8;45.3;2.0;12.0;31.0;408.2;0.07;89.0;7.0;Logroño
ES019C;797590.0;50.0;56.0;109.6;47.8;2.0;12.0;29.0;404.16;0.05;92.0;6.0;Bilbao
ES020C;326039.0;42.0;83.0;108.3;44.2;3.0;28.0;26.0;447.12;0.12;97.0;7.0;Córdoba
ES021C;337482.0;38.0;17.0;106.6;44.0;3.0;19.0;30.0;438.76;0.24;85.0;7.0;Alicante/Alacant
ES022C;296692.0;44.0;58.0;111.7;46.5;3.0;15.0;27.0;480.44;0.17;95.0;6.0;Vigo
ES023C;271717.0;44.0;43.0;112.3;49.4;2.0;15.0;33.0;435.61;0.18;95.0;5.0;Gijón
ES024C;368105.0;39.0;82.0;108.5;44.4;3.0;24.0;29.0;517.37;0.08;93.0;5.0;Santa Cruz de Tenerife
ES025C;247604.0;50.0;95.0;115.7;47.3;2.0;13.0;31.0;434.89;0.08;94.0;6.0;A Coruña
ES026C;106168.0;33.0;43.0;106.8;42.5;3.0;18.0;26.0;470.06;0.57;83.0;8.0;Reus
ES027C;102791.0;28.0;7.0;103.8;43.1;3.0;24.0;26.0;479.87;0.1;97.0;6.0;Telde
ES028C;98519.0;46.0;65.0;116.2;46.5;2.0;10.0;32.0;504.06;0.3;94.0;6.0;Lugo
ES029C;95001.0;36.0;10.0;104.7;43.3;3.0;21.0;22.0;430.68;0.0;99.0;6.0;San Fernando
ES030C;103369.0;44.0;145.0;107.5;40.6;3.0;13.0;28.0;432.57;0.1;79.0;9.0;Girona
ES031C;96255.0;47.0;121.0;108.8;44.3;2.0;19.0;30.0;523.18;0.21;97.0;7.0;Cáceres
ES032C;84667.0;17.0;2.0;103.0;45.8;2.0;22.0;35.0;558.2;0.24;59.0;7.0;Torrevieja
ES033C;88703.0;37.0;11.0;104.2;42.6;3.0;21.0;23.0;466.42;0.23;96.0;8.0;Puerto de Santa María, El
ES034C;77791.0;42.0;23.0;111.4;50.2;2.0;15.0;32.0;503.43;0.0;96.0;5.0;Avilés
ES035C;83663.0;30.0;53.0;108.3;43.6;3.0;26.0;26.0;443.86;0.0;92.0;7.0;Talavera de la Reina
ES036C;78144.0;43.0;66.0;111.9;48.5;2.0;13.0;32.0;467.47;0.38;95.0;6.0;Palencia
ES037C;65560.0;43.0;56.0;112.3;51.0;2.0;15.0;35.0;554.04;0.15;97.0;5.0;Ferrol
ES038C;83260.0;46.0;106.0;111.6;45.6;2.0;14.0;29.0;490.15;0.24;96.0;6.0;Pontevedra
ES039C;84202.0;28.0;33.0;97.9;37.6;3.0;23.0;25.0;479.11;0.24;93.0;10.0;Ceuta
ES040C;75798.0;30.0;26.0;103.5;43.6;3.0;19.0;30.0;460.37;0.0;79.0;8.0;Gandia
ES041C;87484.0;45.0;73.0;107.8;42.6;3.0;15.0;28.0;469.15;0.46;86.0;8.0;Guadalajara
ES042C;78245.0;37.0;51.0;104.1;43.7;3.0;16.0;29.0;443.33;0.13;81.0;9.0;Manresa
ES043C;75504.0;50.0;115.0;111.1;43.7;3.0;16.0;30.0;433.16;0.26;95.0;7.0;Ciudad Real
ES044C;70450.0;21.0;10.0;100.1;44.9;2.0;20.0;39.0;422.37;0.43;70.0;6.0;Benidorm
ES045C;87076.0;28.0;37.0;97.2;35.0;3.0;24.0;19.0;532.12;0.11;85.0;11.0;Melilla
ES046C;64509.0;38.0;38.0;111.3;48.7;2.0;17.0;31.0;501.95;0.78;96.0;6.0;Ponferrada
ES047C;60988.0;42.0;59.0;115.5;49.6;2.0;14.0;33.0;474.85;0.0;97.0;6.0;Zamora
ES048C;82837.0;26.0;3.0;104.8;45.9;3.0;21.0;33.0;391.01;0.12;63.0;5.0;Fuengirola
ES049C;69205.0;22.0;4.0;100.7;41.7;3.0;23.0;25.0;429.22;0.14;98.0;9.0;Sanlúcar de Barrameda
ES050C;67733.0;40.0;30.0;106.8;44.8;3.0;15.0;27.0;424.51;0.59;89.0;6.0;Vilanova i la Geltrú
ES051C;63630.0;23.0;14.0;103.9;41.9;3.0;26.0;26.0;454.27;0.0;92.0;9.0;Línea de la Concepción, La
ES052C;69166.0;32.0;2.0;99.9;43.7;2.0;24.0;35.0;480.76;0.29;80.0;6.0;Torremolinos
ES053C;62910.0;48.0;16.0;104.5;46.1;2.0;10.0;27.0;444.33;0.32;89.0;7.0;Irun
ES054C;62419.0;37.0;17.0;102.1;42.9;3.0;14.0;24.0;436.65;0.32;86.0;8.0;Granollers
ES055C;64645.0;24.0;23.0;99.3;39.3;3.0;23.0;25.0;460.62;0.46;80.0;8.0;Arrecife
ES056C;87054.0;23.0;10.0;103.7;44.7;3.0;23.0;26.0;473.15;0.23;95.0;7.0;Elda
ES057C;74602.0;21.0;4.0;100.4;40.5;3.0;24.0;24.0;442.27;0.27;86.0;6.0;Santa Lucía de Tirajana
ES058C;51600.0;31.0;22.0;103.1;43.7;3.0;15.0;22.0;450.99;0.19;88.0;6.0;Mollet del Vallès
ES059C;404809.0;47.0;150.0;109.8;43.0;2.0;25.0;31.0;472.25;0.2;94.0;8.0;Granada
ES060C;234765.0;27.0;60.0;101.7;42.7;3.0;21.0;24.0;461.32;0.21;89.0;8.0;Elche/Elx
ES061C;216108.0;33.0;55.0;101.1;42.2;3.0;19.0;24.0;503.95;0.23;89.0;8.0;Cartagena
ES062C;213105.0;31.0;34.0;104.7;43.1;3.0;23.0;23.0;473.81;0.19;97.0;7.0;Jerez de la Frontera
ES063C;188240.0;61.0;83.0;111.9;47.9;2.0;7.0;31.0;395.56;0.16;92.0;7.0;San Sebastián/Donostia
ES064C;197562.0;37.0;94.0;105.7;43.7;3.0;14.0;21.0;477.62;0.15;84.0;7.0;Alcalá de Henares
ES065C;201322.0;37.0;96.0;104.3;41.6;3.0;26.0;28.0;446.25;0.1;88.0;9.0;Almería
ES066C;176418.0;51.0;82.0;110.0;46.4;2.0;12.0;32.0;442.11;0.06;92.0;7.0;Burgos
ES067C;144825.0;48.0;206.0;120.6;49.8;2.0;16.0;35.0;403.75;0.14;94.0;6.0;Salamanca
ES068C;174336.0;39.0;74.0;104.6;42.9;3.0;17.0;27.0;433.36;0.17;94.0;8.0;Albacete
ES069C;174264.0;37.0;104.0;106.7;44.0;2.0;17.0;29.0;484.91;0.4;83.0;7.0;Castellón de la Plana/Castelló de la Plana
ES070C;143837.0;39.0;87.0;108.3;43.7;3.0;23.0;26.0;482.89;0.07;95.0;8.0;Huelva
ES071C;115439.0;45.0;97.0;111.5;48.1;3.0;21.0;27.0;370.95;0.26;98.0;6.0;Cádiz
ES072C;124028.0;48.0;94.0;120.7;50.1;2.0;15.0;36.0;457.66;0.16;94.0;6.0;León
ES073C;136496.0;41.0;102.0;104.7;42.8;3.0;16.0;29.0;441.76;0.29;81.0;8.0;Tarragona
ES074C;112757.0;45.0;149.0;107.9;44.0;3.0;24.0;26.0;450.14;0.09;98.0;7.0;Jaén
ES075C;140403.0;37.0;176.0;101.9;43.2;3.0;12.0;29.0;417.07;0.36;80.0;9.0;Lleida
ES076C;105643.0;43.0;74.0;120.6;48.5;2.0;13.0;32.0;494.15;0.19;94.0;6.0;Ourense
ES077C;129661.0;32.0;37.0;101.1;42.6;3.0;15.0;24.0;386.16;0.08;83.0;8.0;Mataró
ES078C;135050.0;37.0;22.0;103.6;40.9;3.0;25.0;18.0;501.4;0.07;98.0;8.0;Dos Hermanas
ES079C;123078.0;31.0;30.0;102.7;41.4;3.0;22.0;25.0;480.06;0.16;92.0;8.0;Algeciras
ES080C;147633.0;25.0;4.0;108.4;42.0;3.0;20.0;29.0;524.05;0.34;74.0;8.0;Marbella
ES081C;132853.0;31.0;4.0;103.3;41.2;3.0;14.0;19.0;464.45;0.0;84.0;8.0;Torrejón de Ardoz
ES082C;75533.0;28.0;6.0;101.3;41.4;3.0;26.0;20.0;464.63;0.66;98.0;8.0;Alcalá de Guadaíra
ES083C;59354.0;33.0;67.0;103.9;45.7;2.0;19.0;30.0;475.0;0.34;93.0;7.0;Alcoy
ES084C;58369.0;43.0;91.0;110.1;44.8;2.0;13.0;35.0;508.15;0.51;92.0;8.0;Ávila
ES085C;69144.0;35.0;3.0;104.0;42.5;2.0;22.0;34.0;475.6;0.0;76.0;7.0;Benalmádena
ES086C;85150.0;30.0;4.0;99.8;41.2;3.0;23.0;23.0;455.3;0.0;96.0;7.0;Chiclana de la Frontera
ES087C;64378.0;44.0;130.0;106.3;41.9;3.0;14.0;23.0;479.84;0.0;82.0;8.0;Collado Villalba
ES088C;54621.0;43.0;94.0;110.4;44.4;2.0;16.0;32.0;484.03;0.0;91.0;6.0;Cuenca
ES089C;51128.0;34.0;7.0;98.4;39.9;3.0;17.0;26.0;548.45;0.0;74.0;8.0;Eivissa
ES090C;57353.0;35.0;29.0;104.5;44.7;3.0;32.0;25.0;464.93;0.7;97.0;7.0;Linares
ES091C;95515.0;23.0;14.0;95.6;40.3;3.0;12.0;21.0;470.17;0.1;79.0;10.0;Lorca
ES092C;59548.0;40.0;56.0;105.3;42.4;3.0;24.0;27.0;493.97;0.5;97.0;8.0;Mérida
ES093C;67173.0;38.0;14.0;104.1;44.9;2.0;16.0;30.0;499.02;0.0;88.0;7.0;Sagunto
ES094C;51597.0;35.0;29.0;111.8;48.5;2.0;16.0;29.0;483.11;0.0;93.0;5.0;Torrelavega
ES095C;77270.0;39.0;8.0;102.6;40.3;3.0;13.0;17.0;438.06;0.0;90.0;7.0;Valdemoro
ES096C;67219.0;29.0;13.0;104.5;46.2;3.0;26.0;32.0;521.36;0.15;89.0;6.0;Puerto de la Cruz
ES097C;63563.0;32.0;12.0;101.7;42.9;3.0;16.0;26.0;489.59;0.16;89.0;8.0;Igualada
ES098C;58978.0;34.0;441.0;102.3;41.4;3.0;16.0;22.0;451.3;0.17;93.0;7.0;San Vicente del Raspeig/Sant Vicent del Raspeig
FI001C;658457.0;50.0;90.0;110.1;38.0;2.0;11.0;50.0;277.54;0.09;90.0;11.0;Helsinki/Helsingfors
FI002C;244223.0;47.0;133.0;105.9;37.0;2.0;11.0;53.0;374.55;0.21;95.0;9.0;Tampere/Tammerfors
FI003C;195137.0;43.0;164.0;108.4;38.0;2.0;13.0;55.0;388.14;0.1;93.0;9.0;Turku/Åbo
FI004C;209551.0;47.0;109.0;100.4;36.0;2.0;12.0;47.0;428.87;0.1;97.0;10.0;Oulu/Uleåborg
FI005C;297132.0;55.0;84.0;100.8;38.0;2.0;9.0;39.0;373.35;0.1;87.0;11.0;Espoo/Esbo
FI006C;239206.0;37.0;34.0;99.2;38.0;2.0;12.0;43.0;381.59;0.17;86.0;12.0;Vantaa/Vanda
FI007C;120027.0;36.0;52.0;106.6;44.0;2.0;15.0;52.0;441.03;0.17;95.0;9.0;Lahti/Lahtis
FI008C;121543.0;43.0;114.0;105.6;41.0;2.0;10.0;48.0;440.68;0.5;97.0;9.0;Kuopio
FI009C;144473.0;47.0;152.0;102.9;37.0;2.0;13.0;50.0;427.1;0.14;96.0;9.0;Jyväskylä
FR001C;10277625.0;50.0;68.0;107.8;36.0;2.0;12.0;39.0;356.2;0.16;84.0;15.0;Paris
FR002C;1277584.0;49.0;132.0;109.9;35.0;2.0;13.0;44.0;431.0;0.31;89.0;15.0;Lyon
FR003C;955906.0;42.0;126.0;109.0;34.0;2.0;17.0;41.0;447.56;0.25;91.0;14.0;Lille
FR004C;969002.0;38.0;59.0;111.2;40.0;2.0;16.0;41.0;419.37;0.29;90.0;14.0;Marseille
FR005C;747512.0;49.0;136.0;111.8;36.0;2.0;13.0;46.0;520.58;0.21;91.0;12.0;Bordeaux
FR006C;744104.0;54.0;149.0;106.7;34.0;2.0;14.0;48.0;526.58;0.22;90.0;13.0;Toulouse
FR007C;487928.0;53.0;121.0;109.6;35.0;2.0;14.0;48.0;503.2;0.37;93.0;13.0;Nantes
FR008C;461144.0;40.0;82.0;113.7;44.0;2.0;14.0;44.0;442.42;0.37;88.0;13.0;Nice
FR009C;427197.0;44.0;153.0;109.7;35.0;2.0;16.0;45.0;425.68;0.23;86.0;13.0;Strasbourg
FR010C;329517.0;39.0;136.0;112.6;37.0;2.0;17.0;48.0;476.31;0.15;92.0;12.0;Rouen
FR011C;364723.0;49.0;219.0;112.0;33.0;2.0;19.0;50.0;481.14;0.38;88.0;12.0;Montpellier
FR012C;365556.0;47.0;170.0;107.8;36.0;2.0;14.0;45.0;473.6;0.27;88.0;12.0;Grenoble
FR013C;245109.0;43.0;130.0;115.0;38.0;2.0;16.0;50.0;515.17;0.16;91.0;11.0;Tours
FR014C;239232.0;36.0;11.0;115.8;47.0;2.0;15.0;45.0;518.92;0.63;89.0;11.0;Cannes-Antibes
FR015C;238614.0;34.0;56.0;111.1;44.0;2.0;15.0;44.0;501.37;0.21;94.0;11.0;Toulon
FR016C;271686.0;53.0;243.0;109.5;32.0;2.0;15.0;52.0;490.1;0.18;91.0;12.0;Rennes
FR017C;208432.0;37.0;136.0;111.7;35.0;2.0;18.0;48.0;486.92;0.34;92.0;12.0;Reims
FR018C;242985.0;42.0;79.0;108.3;37.0;2.0;14.0;43.0;521.8;0.16;88.0;14.0;Orléans
FR019C;224207.0;44.0;214.0;108.8;35.0;2.0;17.0;52.0;476.66;0.18;91.0;10.0;Nancy
FR020C;200086.0;43.0;182.0;113.1;36.0;2.0;14.0;52.0;498.81;0.05;91.0;10.0;Dijon
FR021C;191068.0;44.0;214.0;112.0;35.0;2.0;16.0;54.0;526.74;0.16;90.0;11.0;Clermont-Ferrand
FR022C;193080.0;28.0;65.0;111.3;40.0;2.0;21.0;44.0;450.36;0.05;94.0;13.0;Le Havre
FR023C;208268.0;34.0;129.0;109.9;39.0;2.0;19.0;47.0;468.15;0.19;87.0;13.0;Saint-Étienne
FR024C;207283.0;43.0;213.0;115.3;35.0;2.0;18.0;51.0;508.37;0.14;93.0;12.0;Angers
FR025C;205684.0;29.0;51.0;106.5;39.0;2.0;20.0;39.0;494.97;0.24;85.0;13.0;Mulhouse
FR026C;202114.0;20.0;26.0;110.2;39.0;2.0;23.0;35.0;455.8;0.2;97.0;12.0;Lens
FR027C;166227.0;39.0;136.0;106.2;38.0;2.0;17.0;48.0;480.76;0.24;89.0;12.0;Metz
FR028C;148561.0;35.0;87.0;110.5;39.0;2.0;21.0;46.0;469.37;0.94;90.0;13.0;Nîmes
FR029C;151626.0;37.0;85.0;113.1;40.0;2.0;19.0;48.0;490.46;0.33;93.0;13.0;Le Mans
FR030C;153810.0;29.0;96.0;117.6;35.0;2.0;29.0;38.0;401.21;0.07;97.0;15.0;Saint-Denis
FR031C;180300.0;39.0;189.0;112.5;36.0;2.0;17.0;51.0;509.31;0.17;94.0;10.0;Caen
FR032C;141776.0;38.0;137.0;116.6;40.0;2.0;17.0;54.0;554.92;0.21;90.0;11.0;Limoges
FR033C;145133.0;54.0;260.0;109.9;38.0;2.0;12.0;49.0;530.77;0.55;93.0;10.0;Aix-en-Provence
FR034C;139926.0;41.0;183.0;104.7;35.0;2.0;17.0;55.0;524.89;0.21;94.0;10.0;Brest
FR035C;148506.0;38.0;204.0;110.7;34.0;2.0;19.0;47.0;441.99;0.4;93.0;11.0;Amiens
FR036C;141779.0;27.0;38.0;108.1;41.0;2.0;21.0;38.0;482.51;0.07;94.0;11.0;Dunkerque
FR037C;141364.0;32.0;67.0;113.4;42.0;2.0;23.0;46.0;490.22;0.5;89.0;12.0;Perpignan
FR038C;130721.0;47.0;55.0;107.9;40.0;2.0;10.0;44.0;566.85;0.15;91.0;12.0;Annecy
FR039C;117912.0;43.0;199.0;112.7;35.0;2.0;17.0;54.0;488.01;0.08;90.0;11.0;Besançon
FR040C;126027.0;45.0;49.0;117.1;46.0;2.0;13.0;49.0;612.7;0.48;95.0;8.0;Bayonne
FR041C;114468.0;35.0;2.0;114.1;50.0;2.0;15.0;39.0;582.04;0.17;96.0;10.0;La Seyne-sur-Mer
FR042C;109229.0;42.0;108.0;115.1;42.0;2.0;17.0;54.0;577.45;0.27;91.0;10.0;Pau
FR043C;137662.0;36.0;75.0;113.1;40.0;2.0;20.0;43.0;521.6;0.58;89.0;13.0;Avignon
FR044C;112189.0;31.0;80.0;113.3;38.0;2.0;22.0;50.0;481.42;0.18;90.0;12.0;Troyes
FR045C;127241.0;30.0;124.0;108.9;37.0;2.0;22.0;40.0;458.77;0.24;95.0;12.0;Valenciennes
FR047C;99272.0;45.0;277.0;117.1;31.0;2.0;18.0;58.0;527.97;0.4;91.0;12.0;Poitiers
FR048C;95297.0;39.0;70.0;111.7;41.0;2.0;16.0;46.0;530.14;0.21;91.0;12.0;Valence
FR049C;90485.0;34.0;11.0;112.9;52.0;2.0;14.0;40.0;593.84;0.55;93.0;9.0;Fréjus
FR050C;115103.0;43.0;60.0;110.6;40.0;2.0;12.0;43.0;547.0;0.43;92.0;12.0;Chambéry
FR051C;88052.0;28.0;14.0;103.5;34.0;3.0;19.0;33.0;399.56;0.11;80.0;18.0;Mantes-la-Jolie
FR052C;85520.0;26.0;42.0;108.3;39.0;2.0;22.0;37.0;458.16;0.47;96.0;12.0;Douai
FR053C;97821.0;33.0;37.0;107.3;34.0;2.0;15.0;36.0;427.57;0.1;82.0;18.0;Melun
FR054C;93550.0;42.0;160.0;116.3;44.0;2.0;18.0;53.0;536.3;0.32;95.0;9.0;La Rochelle
FR055C;80370.0;33.0;81.0;109.6;42.0;2.0;18.0;52.0;534.17;0.37;94.0;11.0;Lorient
FR056C;78549.0;32.0;23.0;106.8;43.0;2.0;14.0;44.0;566.14;0.13;97.0;10.0;Cherbourg-en-Cotentin
FR057C;78308.0;26.0;28.0;111.4;42.0;2.0;23.0;43.0;462.16;0.51;87.0;14.0;Béziers
FR058C;75831.0;36.0;25.0;112.2;41.0;2.0;15.0;45.0;515.8;0.26;91.0;11.0;Chartres
FR059C;77028.0;22.0;16.0;104.1;33.0;3.0;23.0;32.0;376.29;0.39;78.0;18.0;Creil
FR060C;73836.0;23.0;63.0;112.6;40.0;2.0;23.0;42.0;430.83;0.0;98.0;11.0;Boulogne-sur-Mer
FR061C;72509.0;20.0;50.0;98.0;36.0;2.0;27.0;43.0;414.94;0.0;92.0;12.0;Calais
FR063C;72415.0;26.0;36.0;106.3;40.0;2.0;20.0;40.0;519.12;0.41;88.0;12.0;Montbéliard
FR064C;66432.0;36.0;142.0;111.2;37.0;2.0;18.0;45.0;486.08;0.3;96.0;12.0;Arras
FR065C;68682.0;34.0;45.0;108.3;40.0;2.0;16.0;43.0;508.82;0.58;89.0;11.0;Colmar
FR066C;65225.0;29.0;7.0;109.1;44.0;2.0;17.0;36.0;573.74;0.77;93.0;12.0;Martigues
FR067C;65948.0;31.0;16.0;109.0;34.0;2.0;14.0;35.0;401.42;0.3;86.0;17.0;Meaux
FR068C;64541.0;38.0;60.0;112.6;44.0;2.0;16.0;48.0;550.05;0.15;93.0;11.0;Bourges
FR069C;71248.0;37.0;56.0;113.6;44.0;2.0;15.0;46.0;569.03;0.42;94.0;10.0;Saint-Brieuc
FR070C;63283.0;42.0;76.0;113.3;44.0;2.0;14.0;52.0;599.2;0.47;96.0;10.0;Quimper
FR071C;61643.0;37.0;63.0;101.2;39.0;2.0;19.0;47.0;504.84;0.49;90.0;11.0;Belfort
FR073C;67335.0;24.0;2.0;105.8;41.0;2.0;16.0;34.0;547.04;0.0;90.0;12.0;Hayange
FR074C;53120.0;16.0;5.0;108.2;34.0;3.0;38.0;23.0;338.63;0.0;99.0;18.0;Saint-Louis
FR075C;53719.0;45.0;129.0;116.5;45.0;2.0;16.0;54.0;575.2;0.74;95.0;9.0;Vannes
FR076C;61841.0;33.0;7.0;103.5;35.0;2.0;18.0;46.0;506.46;0.0;79.0;17.0;Annemasse-Geneva (French part)
FR077C;37464.0;33.0;6.0;101.5;41.0;2.0;16.0;39.0;555.36;0.0;76.0;10.0;Saint-Louis-Bâle (French part)
HR001C;808134.0;35.0;98.0;113.9;4.191.330.166.270.780;3.0;5.0;29.0;342.53;0.25;99.0;10.0;Zagreb
HR002C;113589.0;29.0;133.0;111.0;4.191.330.166.270.780;2.0;9.0;29.0;422.88;0.44;99.0;8.0;Rijeka
HR003C;51896.0;19.0;46.0;109.7;4.191.330.166.270.780;3.0;10.0;22.0;349.58;0.19;99.0;9.0;Slavonski Brod
HR004C;102542.0;26.0;135.0;114.6;4.191.330.166.270.780;3.0;8.0;28.0;324.09;0.1;99.0;8.0;Osijek
HR005C;167117.0;32.0;112.0;110.8;4.191.330.166.270.780;3.0;10.0;22.0;375.14;0.24;100.0;9.0;Split
HR006C;55865.0;25.0;61.0;108.6;4.191.330.166.270.780;2.0;9.0;28.0;430.99;0.36;98.0;7.0;Pula/Pola
HR007C;74399.0;28.0;67.0;110.1;4.191.330.166.270.780;3.0;9.0;23.0;373.76;0.13;99.0;10.0;Zadar
HU001C;1723836.0;45.0;91.0;113.7;42.0;2.0;2.0;40.0;407.73;0.19;94.0;9.0;Budapest
HU002C;150695.0;32.0;59.0;115.4;44.0;2.0;7.0;32.0;369.45;0.4;97.0;8.0;Miskolc
HU003C;116554.0;31.0;39.0;113.9;42.7;2.0;5.0;28.0;417.09;0.34;98.0;9.0;Nyíregyháza
HU004C;140237.0;38.0;145.0;117.8;43.7;2.0;6.0;36.0;401.87;0.36;95.0;8.0;Pécs
HU005C;200974.0;40.0;133.0;113.1;41.6;2.0;8.0;34.0;391.92;0.45;96.0;9.0;Debrecen
HU006C;159074.0;38.0;136.0;116.1;42.1;2.0;4.0;38.0;376.33;0.31;96.0;9.0;Szeged
HU007C;132735.0;32.0;89.0;109.3;41.5;2.0;2.0;35.0;421.61;0.3;97.0;10.0;Gyõr
HU008C;109651.0;31.0;31.0;112.3;41.9;2.0;5.0;32.0;464.29;0.46;98.0;10.0;Kecskemét
HU009C;95545.0;34.0;17.0;113.4;43.8;2.0;3.0;31.0;469.78;0.31;98.0;9.0;Székesfehérvár
HU010C;78324.0;30.0;30.0;113.8;43.5;2.0;3.0;30.0;447.28;0.38;98.0;8.0;Szombathely
HU011C;69725.0;33.0;10.0;115.4;44.1;2.0;7.0;29.0;382.73;0.86;98.0;7.0;Szolnok
HU012C;65145.0;20.0;5.0;113.2;42.0;2.0;3.0;31.0;437.93;0.6;97.0;10.0;Tatabánya
HU013C;58153.0;37.0;78.0;114.0;43.1;2.0;3.0;32.0;439.01;1.0;96.0;8.0;Veszprém
HU014C;58002.0;28.0;4.0;116.7;44.9;2.0;5.0;33.0;418.43;0.51;98.0;8.0;Békéscsaba
HU015C;59777.0;28.0;47.0;116.7;45.1;2.0;5.0;31.0;424.44;0.67;98.0;7.0;Kaposvár
HU016C;51168.0;36.0;115.0;117.4;44.5;2.0;6.0;33.0;406.41;0.98;97.0;7.0;Eger
HU017C;42136.0;23.0;39.0;115.0;45.2;2.0;6.0;38.0;404.52;0.23;96.0;7.0;Dunaújváros
HU018C;55470.0;28.0;15.0;112.2;45.9;2.0;4.0;33.0;463.1;0.71;97.0;8.0;Zalaegerszeg
HU019C;62900.0;28.0;42.0;112.7;41.5;2.0;1.0;30.0;437.06;0.64;97.0;8.0;Sopron
IE001C;1325700.0;29.0;36.0;101.4;33.0;3.0;17.0;24.0;413.01;0.41;86.0;16.0;Dublin
IE002C;118713.0;22.0;81.0;107.9;35.0;3.0;6.0;26.0;325.21;0.25;94.0;14.0;Cork
IE003C;56980.0;17.0;63.0;106.6;34.0;3.0;7.0;25.0;307.21;0.21;94.0;17.0;Limerick
IE004C;73963.0;35.0;154.0;111.8;31.0;3.0;5.0;21.0;403.98;0.96;90.0;18.0;Galway
IE005C;46583.0;15.0;36.0;105.0;34.0;3.0;6.0;23.0;415.17;0.25;94.0;19.0;Waterford
IT001C;2749031.0;31.0;77.0;110.6;47.0;2.0;9.0;41.0;628.45;0.44;88.0;6.0;Roma
IT002C;3565691.0;24.0;60.0;105.8;46.0;2.0;7.0;32.0;571.32;0.24;86.0;7.0;Milano
IT003C;2816448.0;15.0;43.0;105.8;42.0;3.0;19.0;21.0;617.24;0.3;96.0;8.0;Napoli
IT004C;848748.0;26.0;130.0;108.5;48.0;2.0;9.0;38.0;580.92;0.17;85.0;7.0;Torino
IT005C;635439.0;20.0;71.0;109.1;45.0;2.0;15.0;23.0;620.24;0.3;96.0;8.0;Palermo
IT006C;561203.0;25.0;57.0;110.2;50.0;2.0;8.0;39.0;472.84;0.25;90.0;6.0;Genova
IT007C;361619.0;33.0;164.0;111.9;48.0;2.0;8.0;39.0;535.0;0.35;85.0;7.0;Firenze
IT008C;315948.0;24.0;159.0;108.2;48.0;2.0;10.0;25.0;574.17;0.35;96.0;6.0;Bari
IT009C;387842.0;40.0;178.0;110.0;46.0;2.0;6.0;45.0;526.35;0.31;85.0;8.0;Bologna
IT010C;301104.0;18.0;136.0;107.7;45.0;3.0;21.0;27.0;773.04;0.57;96.0;9.0;Catania
IT011C;251944.0;24.0;102.0;108.7;50.0;2.0;7.0;37.0;426.77;0.23;85.0;6.0;Venezia
IT012C;255985.0;28.0;95.0;109.6;47.0;2.0;8.0;36.0;633.37;0.35;85.0;7.0;Verona
IT013C;70841.0;26.0;27.0;106.9;48.0;2.0;7.0;36.0;626.1;0.42;85.0;7.0;Cremona
IT014C;117847.0;32.0;140.0;106.7;46.0;2.0;6.0;35.0;3865.11;0.17;89.0;8.0;Trento
IT015C;199015.0;27.0;82.0;107.7;50.0;2.0;6.0;42.0;542.71;0.2;89.0;6.0;Trieste
IT016C;162362.0;31.0;162.0;108.2;47.0;2.0;11.0;32.0;742.95;0.42;87.0;7.0;Perugia
IT017C;98402.0;28.0;145.0;106.4;48.0;2.0;9.0;33.0;619.03;0.3;86.0;6.0;Ancona
IT018C;118992.0;33.0;74.0;111.6;48.0;2.0;11.0;30.0;621.2;0.08;95.0;7.0;Pescara
IT019C;47587.0;31.0;136.0;107.9;48.0;2.0;10.0;27.0;746.42;0.21;96.0;6.0;Campobasso
IT020C;73037.0;30.0;104.0;112.0;47.0;2.0;10.0;26.0;634.93;0.0;95.0;6.0;Caserta
IT021C;189461.0;17.0;20.0;108.7;47.0;2.0;13.0;26.0;583.39;0.37;98.0;6.0;Taranto
IT022C;64850.0;29.0;79.0;108.1;48.0;2.0;10.0;24.0;772.0;0.46;98.0;6.0;Potenza
IT023C;85609.0;26.0;136.0;109.5;47.0;2.0;18.0;24.0;698.78;0.0;97.0;7.0;Catanzaro
IT024C;172479.0;25.0;64.0;108.9;46.0;2.0;13.0;26.0;671.17;0.29;94.0;7.0;Reggio di Calabria
IT025C;122159.0;24.0;111.0;108.0;48.0;2.0;15.0;31.0;684.62;0.49;96.0;5.0;Sassari
IT026C;149092.0;33.0;174.0;115.0;51.0;2.0;13.0;35.0;673.55;0.53;94.0;5.0;Cagliari
IT027C;206651.0;37.0;275.0;109.8;48.0;2.0;10.0;37.0;603.41;0.52;84.0;7.0;Padova
IT028C;195906.0;27.0;116.0;108.3;47.0;2.0;8.0;37.0;611.44;0.41;81.0;7.0;Brescia
IT029C;184971.0;29.0;98.0;106.7;46.0;2.0;6.0;35.0;658.42;0.54;85.0;8.0;Modena
IT030C;146803.0;20.0;85.0;103.6;45.0;2.0;23.0;24.0;610.6;0.54;94.0;7.0;Foggia
IT031C;128136.0;32.0;13.0;112.8;49.0;2.0;12.0;26.0;600.25;0.39;96.0;6.0;Salerno
IT032C;102364.0;26.0;46.0;107.1;46.0;2.0;8.0;35.0;624.27;0.49;81.0;7.0;Piacenza
IT033C;106601.0;25.0;30.0;107.2;46.0;2.0;7.0;37.0;2038.97;0.37;86.0;8.0;Bolzano
IT034C;97736.0;31.0;145.0;112.6;48.0;2.0;10.0;42.0;673.27;0.41;86.0;6.0;Udine
IT035C;92169.0;21.0;15.0;107.5;48.0;2.0;11.0;35.0;528.68;0.22;86.0;6.0;La Spezia
IT036C;94783.0;31.0;208.0;110.4;47.0;2.0;8.0;34.0;705.87;0.53;92.0;6.0;Lecce
IT037C;92798.0;15.0;3.0;101.5;44.0;3.0;9.0;17.0;560.14;0.54;98.0;8.0;Barletta
IT038C;95670.0;27.0;7.0;107.8;49.0;2.0;7.0;31.0;653.94;0.31;92.0;6.0;Pesaro
IT039C;83361.0;30.0;39.0;106.3;47.0;2.0;7.0;35.0;621.93;0.59;86.0;6.0;Como
IT040C;89002.0;38.0;531.0;108.1;47.0;2.0;7.0;42.0;615.46;1.22;87.0;7.0;Pisa
IT041C;84452.0;32.0;34.0;109.1;48.0;2.0;7.0;36.0;611.64;0.71;86.0;6.0;Treviso
IT042C;78740.0;29.0;122.0;110.5;48.0;2.0;8.0;34.0;662.8;0.88;87.0;7.0;Varese
IT043C;73723.0;19.0;18.0;107.7;48.0;2.0;9.0;33.0;682.79;0.41;87.0;7.0;Asti
IT044C;70380.0;39.0;364.0;109.3;47.0;2.0;4.0;37.0;589.2;0.14;86.0;6.0;Pavia
IT045C;66498.0;18.0;0.0;106.8;49.0;2.0;10.0;29.0;649.18;0.0;93.0;5.0;Massa
IT046C;64073.0;30.0;8.0;112.7;47.0;2.0;17.0;34.0;730.34;0.62;94.0;7.0;Cosenza
IT047C;58534.0;23.0;30.0;112.4;51.0;2.0;8.0;42.0;573.95;0.0;89.0;6.0;Savona
IT048C;59748.0;25.0;36.0;105.2;46.0;2.0;8.0;26.0;652.36;1.17;95.0;7.0;Matera
IT049C;50735.0;20.0;0.0;105.8;46.0;2.0;9.0;25.0;817.65;0.4;97.0;7.0;Acireale
IT050C;52498.0;31.0;23.0;111.8;48.0;2.0;12.0;24.0;641.32;0.19;96.0;6.0;Avellino
IT051C;51617.0;27.0;21.0;108.0;48.0;2.0;6.0;36.0;707.2;0.58;85.0;7.0;Pordenone
IT052C;46831.0;28.0;37.0;107.6;48.0;2.0;6.0;33.0;604.54;0.21;90.0;6.0;Lecco
IT053C;69855.0;17.0;0.0;103.5;41.0;3.0;9.0;19.0;551.94;0.14;95.0;8.0;Altamura
IT054C;53396.0;16.0;0.0;103.0;44.0;3.0;12.0;19.0;559.22;0.19;98.0;9.0;Bitonto
IT055C;57645.0;20.0;0.0;105.8;47.0;2.0;12.0;22.0;534.12;0.17;97.0;6.0;Molfetta
IT056C;49655.0;19.0;0.0;103.3;44.0;2.0;12.0;20.0;652.02;0.0;92.0;7.0;Battipaglia
IT057C;53738.0;15.0;0.0;102.2;45.0;3.0;13.0;21.0;609.41;0.19;98.0;7.0;Bisceglie
IT058C;71402.0;19.0;0.0;104.9;46.0;2.0;6.0;28.0;635.69;0.98;86.0;7.0;Carpi
IT059C;57127.0;12.0;0.0;101.5;41.0;3.0;22.0;19.0;640.55;0.87;95.0;8.0;Cerignola
IT060C;71937.0;13.0;0.0;104.5;43.0;3.0;18.0;22.0;601.65;0.28;98.0;8.0;Gela
IT061C;53221.0;14.0;0.0;104.9;43.0;3.0;21.0;21.0;621.67;0.0;99.0;8.0;Bagheria
IT062C;58593.0;19.0;0.0;98.6;45.0;2.0;8.0;31.0;672.81;0.35;87.0;6.0;Anzio
IT063C;40469.0;16.0;0.0;103.0;46.0;2.0;8.0;28.0;706.77;0.25;86.0;7.0;Sassuolo
IT064C;221246.0;23.0;113.0;108.5;47.0;2.0;28.0;32.0;657.44;0.63;95.0;7.0;Messina
IT065C;195213.0;16.0;2.0;104.5;45.0;2.0;8.0;25.0;587.14;0.3;76.0;6.0;Prato
IT066C;195436.0;31.0;154.0;106.6;45.0;2.0;7.0;35.0;625.47;0.31;83.0;8.0;Parma
IT067C;154483.0;21.0;8.0;107.8;49.0;2.0;7.0;31.0;564.61;0.19;92.0;6.0;Livorno
IT068C;169908.0;23.0;69.0;102.9;45.0;2.0;3.0;34.0;642.48;0.29;83.0;8.0;Reggio nell'Emilia
IT069C;155836.0;21.0;22.0;105.6;48.0;2.0;8.0;34.0;712.65;0.83;89.0;6.0;Ravenna
IT070C;129872.0;29.0;201.0;110.3;50.0;2.0;9.0;37.0;652.33;0.84;89.0;6.0;Ferrara
IT071C;149169.0;25.0;35.0;107.6;47.0;2.0;12.0;32.0;618.68;0.4;87.0;6.0;Rimini
IT072C;117055.0;18.0;5.0;104.1;46.0;2.0;26.0;26.0;716.99;0.51;95.0;7.0;Siracusa
IT073C;119476.0;32.0;156.0;110.9;47.0;2.0;4.0;38.0;608.64;0.25;84.0;6.0;Bergamo
IT074C;116558.0;24.0;56.0;105.9;47.0;2.0;7.0;32.0;655.06;0.85;87.0;6.0;Forlì
IT075C;127861.0;23.0;28.0;104.4;46.0;2.0;13.0;22.0;703.86;0.63;91.0;7.0;Latina
IT076C;110293.0;26.0;49.0;108.7;48.0;2.0;9.0;36.0;633.9;0.27;85.0;6.0;Vicenza
IT077C;107165.0;24.0;13.0;110.4;49.0;2.0;9.0;31.0;682.2;0.37;88.0;6.0;Terni
IT078C;101367.0;23.0;90.0;106.5;47.0;2.0;8.0;34.0;625.22;0.2;85.0;7.0;Novara
IT079C;90825.0;19.0;47.0;106.1;48.0;2.0;10.0;33.0;654.95;0.77;85.0;6.0;Alessandria
IT080C;96717.0;23.0;18.0;107.0;48.0;2.0;8.0;31.0;694.61;0.41;88.0;6.0;Arezzo
IT081C;81503.0;22.0;0.0;108.0;48.0;2.0;7.0;31.0;673.91;0.73;91.0;6.0;Grosseto
IT082C;83317.0;16.0;10.0;108.2;47.0;2.0;12.0;27.0;635.89;0.72;97.0;7.0;Brindisi
IT083C;56293.0;15.0;13.0;107.2;46.0;2.0;17.0;28.0;636.25;0.61;96.0;7.0;Trapani
IT084C;72779.0;20.0;15.0;105.4;46.0;2.0;13.0;27.0;732.25;0.55;92.0;8.0;Ragusa
IT085C;97588.0;11.0;0.0;102.5;43.0;3.0;10.0;17.0;602.48;0.21;98.0;8.0;Andria
IT086C;55035.0;15.0;0.0;102.0;45.0;3.0;15.0;21.0;616.14;0.0;97.0;7.0;Trani
IT087C;69210.0;32.0;258.0;103.0;46.0;2.0;7.0;27.0;785.27;0.72;92.0;6.0;L'Aquila
LT001C;556490.0;64.0;97.0;118.4;40.0;2.0;4.0;33.0;407.45;0.23;99.0;11.0;Vilnius
LT002C;298753.0;56.0;118.0;122.0;43.0;2.0;7.0;35.0;455.39;0.17;100.0;9.0;Kaunas
LT003C;89100.0;32.0;15.0;124.7;48.0;2.0;10.0;37.0;469.96;0.56;100.0;6.0;Panevėžys
LT004C;52727.0;38.0;13.0;117.8;48.0;2.0;17.0;36.0;495.17;0.0;100.0;6.0;Alytus
LT005C;152008.0;48.0;52.0;118.7;43.0;2.0;10.0;35.0;410.33;0.26;99.0;9.0;Klaipėda
LT006C;100653.0;42.0;24.0;121.0;45.0;2.0;14.0;37.0;445.06;0.1;99.0;8.0;Šiauliai
LU001C;115227.0;40.0;8.0;98.9;38.0;2.0;8.0;43.0;677.18;0.23;37.0;13.0;Luxembourg
LV001C;614618.0;43.0;104.0;125.0;43.0;2.0;7.0;45.0;367.98;0.29;79.0;9.0;Rīga
LV002C;67964.0;32.0;28.0;123.9;43.0;2.0;10.0;47.0;345.65;0.59;80.0;10.0;Liepāja
LV003C;55336.0;35.0;69.0;119.1;41.0;2.0;8.0;40.0;384.09;0.18;86.0;10.0;Jelgava
LV004C;80627.0;30.0;35.0;125.4;47.0;2.0;10.0;45.0;330.62;0.12;79.0;7.0;Daugavpils
MT001C;256507.0;27.0;66.0;92.6;40.0;2.0;4.0;30.0;531.79;0.16;77.0;7.0;Greater Valletta
NL001C;1009626.0;64.0;69.0;102.1;36.0;2.0;6.0;53.0;259.94;0.16;81.0;12.0;Amsterdam
NL002C;192427.0;43.0;33.0;101.1;42.0;2.0;3.0;37.0;444.03;0.26;95.0;11.0;Alkmaar 
NL003C;73132.0;31.0;34.0;99.6;42.0;2.0;5.0;37.0;452.66;0.14;95.0;9.0;Almelo
NL004C;214715.0;38.0;39.0;101.6;37.0;2.0;6.0;32.0;404.45;0.05;92.0;12.0;Almere
NL005C;112587.0;41.0;36.0;100.7;42.0;2.0;3.0;33.0;458.88;0.27;95.0;11.0;Alphen aan den Rijn
NL006C;157462.0;56.0;41.0;102.4;39.0;2.0;4.0;37.0;402.26;0.13;96.0;12.0;Amersfoort
NL007C;164781.0;42.0;31.0;100.6;44.0;2.0;3.0;37.0;459.85;0.24;96.0;10.0;Apeldoorn
NL008C;177438.0;48.0;53.0;99.9;39.0;2.0;5.0;47.0;397.8;0.23;93.0;11.0;Arnhem 
NL009C;68836.0;42.0;35.0;102.0;43.0;2.0;3.0;39.0;458.61;0.15;97.0;10.0;Assen
NL010C;67514.0;37.0;31.0;101.3;45.0;2.0;3.0;35.0;471.1;0.6;93.0;10.0;Bergen op Zoom
NL011C;184126.0;56.0;60.0;103.2;40.0;2.0;4.0;42.0;442.84;0.27;94.0;10.0;Breda
NL012C;101236.0;46.0;40.0;102.3;41.0;2.0;4.0;39.0;425.42;0.3;95.0;10.0;Deventer
NL013C;158165.0;54.0;79.0;103.1;38.0;2.0;3.0;42.0;424.18;0.13;94.0;11.0;Ede 
NL014C;281191.0;56.0;67.0;94.7;39.0;2.0;4.0;46.0;420.14;0.18;86.0;10.0;Eindhoven 
NL015C;159732.0;43.0;85.0;95.6;39.0;2.0;5.0;46.0;413.44;0.19;92.0;9.0;Enschede
NL016C;73681.0;50.0;39.0;103.3;41.0;2.0;5.0;39.0;374.93;0.28;94.0;11.0;Gouda
NL017C;783554.0;53.0;65.0;100.5;38.0;2.0;6.0;48.0;331.37;0.17;83.0;11.0;'s-Gravenhage 
NL018C;233273.0;69.0;158.0;100.8;31.0;2.0;6.0;59.0;330.33;0.13;91.0;10.0;Groningen
NL019C;282183.0;57.0;36.0;103.9;43.0;2.0;3.0;40.0;410.13;0.21;92.0;10.0;Haarlem 
NL020C;157789.0;43.0;40.0;100.8;42.0;2.0;4.0;31.0;466.59;0.38;92.0;10.0;Haarlemmermeer
NL021C;94686.0;36.0;33.0;101.2;43.0;2.0;4.0;35.0;460.4;0.21;94.0;10.0;Heemskerk 
NL022C;197310.0;29.0;24.0;101.1;48.0;2.0;5.0;42.0;522.52;0.1;93.0;8.0;Heerlen 
NL023C;92627.0;33.0;31.0;98.0;41.0;2.0;4.0;35.0;464.27;0.22;90.0;10.0;Helmond
NL024C;81049.0;44.0;43.0;98.8;42.0;2.0;4.0;40.0;466.73;0.12;96.0;9.0;Hengelo
NL025C;155490.0;53.0;41.0;102.2;41.0;2.0;3.0;40.0;449.77;0.13;95.0;11.0;'s-Hertogenbosch
NL026C;91235.0;54.0;36.0;103.5;42.0;2.0;4.0;41.0;406.26;0.11;90.0;10.0;Hilversum
NL027C;73619.0;39.0;31.0;102.8;41.0;2.0;5.0;37.0;429.96;0.14;94.0;10.0;Hoorn
NL028C;124481.0;46.0;72.0;101.0;39.0;2.0;6.0;47.0;420.03;0.48;95.0;10.0;Leeuwarden
NL029C;268179.0;60.0;80.0;105.2;39.0;2.0;3.0;44.0;364.42;0.15;92.0;10.0;Leiden 
NL030C;79811.0;35.0;29.0;99.0;40.0;2.0;5.0;35.0;434.64;0.13;93.0;11.0;Lelystad
NL031C;120227.0;58.0;114.0;108.6;41.0;2.0;5.0;54.0;369.49;0.08;83.0;7.0;Maastricht
NL032C;93322.0;37.0;35.0;103.3;44.0;2.0;4.0;43.0;453.45;0.21;94.0;9.0;Middelburg       
NL033C;177359.0;67.0;112.0;106.1;36.0;2.0;6.0;53.0;375.89;0.06;94.0;10.0;Nijmegen
NL034C;111254.0;31.0;30.0;103.4;43.0;2.0;5.0;32.0;461.92;0.09;96.0;10.0;Nissewaard 
NL035C;92526.0;35.0;32.0;98.7;43.0;2.0;4.0;34.0;495.98;0.22;94.0;10.0;Oss
NL036C;81683.0;34.0;32.0;105.1;44.0;2.0;4.0;35.0;431.86;0.12;95.0;9.0;Purmerend
NL037C;1244332.0;40.0;48.0;103.1;39.0;2.0;6.0;43.0;371.51;0.19;90.0;11.0;Rotterdam 
NL038C;77200.0;38.0;31.0;100.9;44.0;2.0;5.0;37.0;484.72;0.26;92.0;9.0;Roosendaal
NL039C;116618.0;39.0;32.0;101.8;47.0;2.0;3.0;38.0;538.93;0.43;96.0;9.0;Sittard-Geleen 
NL040C;71698.0;54.0;33.0;104.9;46.0;2.0;3.0;36.0;488.09;0.42;96.0;9.0;Soest 
NL041C;221947.0;47.0;75.0;100.5;38.0;2.0;4.0;45.0;425.27;0.18;91.0;10.0;Tilburg
NL042C;457055.0;66.0;80.0;103.4;34.0;2.0;4.0;47.0;331.4;0.22;91.0;13.0;Utrecht 
NL043C;66912.0;37.0;36.0;102.0;39.0;2.0;3.0;33.0;432.97;0.15;97.0;12.0;Veenendaal
NL044C;101988.0;34.0;31.0;100.4;45.0;2.0;4.0;39.0;471.52;0.29;90.0;10.0;Venlo
NL045C;156901.0;36.0;33.0;101.8;41.0;2.0;5.0;36.0;412.55;0.06;92.0;11.0;Zaanstad
NL046C;125267.0;43.0;35.0;104.7;42.0;2.0;4.0;35.0;439.65;0.08;96.0;10.0;Zoetermeer
NL047C;129840.0;54.0;53.0;103.1;37.0;2.0;4.0;41.0;394.7;0.08;97.0;11.0;Zwolle
NO001C;623966.0;52.0;76.0;101.0;34.0;2.0;3.0;60.0;414.9;0.13;86.0;17.0;Oslo
NO002C;267950.0;46.0;73.0;99.3;36.0;2.0;2.0;48.0;408.03;0.11;91.0;13.0;Bergen
NO003C;179692.0;48.0;91.0;98.4;35.0;2.0;2.0;54.0;429.63;0.06;92.0;13.0;Trondheim
NO004C;129191.0;47.0;59.0;98.2;35.0;2.0;2.0;56.0;453.15;0.08;87.0;14.0;Stavanger
PL001C;1777972.0;46.0;104.0;117.4;41.5;2.0;6.0;37.0;749.69;0.24;99.0;12.0;Warszawa
PL002C;685285.0;28.0;68.0;119.4;44.9;2.0;6.0;34.0;578.37;0.26;100.0;9.0;Łódź
PL003C;771069.0;39.0;125.0;114.3;41.1;2.0;6.0;35.0;639.4;0.34;100.0;12.0;Kraków
PL004C;640648.0;37.0;130.0;114.1;41.2;2.0;6.0;34.0;689.93;0.33;100.0;12.0;Wrocław
PL005C;536438.0;37.0;139.0;114.4;41.6;2.0;6.0;33.0;725.08;0.48;100.0;12.0;Poznań
PL006C;466631.0;33.0;101.0;111.0;41.6;2.0;6.0;30.0;618.01;0.24;100.0;12.0;Gdańsk
PL007C;402465.0;32.0;62.0;110.5;43.0;2.0;6.0;30.0;554.48;0.3;100.0;10.0;Szczecin
PL008C;350178.0;28.0;57.0;112.5;43.1;2.0;6.0;27.0;595.96;0.23;100.0;9.0;Bydgoszcz
PL009C;339682.0;38.0;124.0;116.9;41.6;2.0;6.0;32.0;557.23;0.38;100.0;11.0;Lublin
PL010C;294510.0;29.0;116.0;110.2;44.3;2.0;6.0;33.0;734.6;0.14;100.0;9.0;Katowice
PL011C;297459.0;34.0;56.0;113.0;40.8;2.0;6.0;30.0;452.51;0.2;100.0;12.0;Białystok
PL012C;195774.0;38.0;75.0;113.4;43.4;3.0;6.0;28.0;547.63;0.15;100.0;9.0;Kielce
PL013C;202074.0;28.0;95.0;115.1;41.5;2.0;6.0;30.0;534.99;0.49;100.0;10.0;Toruń
PL014C;172362.0;35.0;85.0;115.1;41.2;2.0;6.0;33.0;531.46;0.23;99.0;12.0;Olsztyn
PL015C;191564.0;39.0;145.0;110.9;39.1;3.0;6.0;30.0;567.7;0.42;99.0;12.0;Rzeszów
PL016C;128137.0;35.0;105.0;112.1;43.2;2.0;6.0;31.0;687.98;0.78;100.0;10.0;Opole
PL017C;123921.0;25.0;19.0;110.3;42.1;2.0;6.0;27.0;588.79;0.08;100.0;9.0;Gorzów Wielkopolski
PL018C;140297.0;32.0;47.0;110.7;41.8;2.0;6.0;28.0;572.61;0.14;100.0;10.0;Zielona Góra
PL019C;79480.0;23.0;16.0;115.4;45.7;2.0;6.0;30.0;607.96;0.63;100.0;7.0;Jelenia Góra
PL020C;83896.0;27.0;41.0;108.9;40.4;3.0;6.0;23.0;512.62;0.36;100.0;11.0;Nowy Sącz
PL021C;69827.0;23.0;17.0;109.3;39.6;3.0;6.0;24.0;483.08;0.29;100.0;11.0;Suwałki
PL022C;74151.0;26.0;33.0;111.3;44.1;3.0;6.0;23.0;595.51;0.4;100.0;8.0;Konin
PL023C;62456.0;16.0;5.0;104.6;40.2;3.0;6.0;16.0;565.6;0.16;100.0;10.0;Żory
PL024C;222292.0;28.0;48.0;113.1;44.9;2.0;6.0;28.0;563.53;0.45;100.0;8.0;Częstochowa
PL025C;213029.0;28.0;27.0;110.7;42.0;3.0;6.0;24.0;513.08;0.42;100.0;9.0;Radom
PL026C;120000.0;27.0;65.0;112.1;42.6;3.0;6.0;25.0;651.69;0.33;100.0;9.0;Płock
PL027C;100975.0;26.0;26.0;115.0;43.6;3.0;6.0;27.0;684.48;0.5;100.0;9.0;Kalisz
PL028C;107321.0;29.0;40.0;112.5;43.1;2.0;6.0;29.0;523.84;0.09;100.0;10.0;Koszalin
PL029C;91007.0;26.0;27.0;112.4;43.5;2.0;6.0;27.0;528.73;0.66;100.0;9.0;Słupsk
PL030C;89128.0;15.0;0.0;104.8;42.7;3.0;6.0;19.0;542.7;0.0;100.0;9.0;Jastrzębie-Zdrój
PL031C;77872.0;33.0;60.0;111.4;39.5;3.0;6.0;27.0;535.79;0.13;100.0;13.0;Siedlce
PL032C;73670.0;26.0;15.0;113.6;42.6;3.0;6.0;26.0;548.99;0.68;100.0;9.0;Piotrków Trybunalski
PL033C;72581.0;28.0;5.0;110.4;43.2;3.0;6.0;24.0;622.45;0.14;100.0;10.0;Lubin
PL034C;73398.0;34.0;16.0;109.2;41.5;3.0;6.0;24.0;867.88;0.54;100.0;9.0;Piła
PL035C;73114.0;32.0;1.0;111.1;43.7;3.0;6.0;24.0;921.69;0.8;100.0;9.0;Inowrocław
PL036C;69051.0;30.0;38.0;112.6;45.7;3.0;6.0;24.0;566.52;0.28;100.0;7.0;Ostrowiec Świętokrzyski
PL037C;68479.0;33.0;13.0;108.8;41.5;3.0;6.0;24.0;1013.65;0.14;100.0;10.0;Gniezno
PL038C;67938.0;32.0;6.0;108.5;42.4;3.0;6.0;24.0;750.01;0.29;100.0;10.0;Stargard
PL039C;72050.0;36.0;5.0;109.8;42.7;3.0;6.0;24.0;1136.21;0.14;100.0;9.0;Ostrów Wielkopolski
PL040C;61251.0;27.0;13.0;113.1;43.4;3.0;6.0;26.0;838.27;0.0;100.0;9.0;Przemyśl
PL041C;63813.0;28.0;29.0;112.3;42.3;3.0;6.0;23.0;499.22;0.16;100.0;8.0;Zamość
PL042C;62670.0;28.0;30.0;113.0;43.6;3.0;6.0;26.0;599.25;0.0;100.0;8.0;Chełm
PL043C;65283.0;36.0;0.0;117.0;44.5;3.0;6.0;24.0;838.46;0.3;100.0;9.0;Pabianice
PL044C;67615.0;25.0;10.0;107.7;42.1;3.0;6.0;24.0;554.87;0.44;100.0;8.0;Głogów
PL045C;61182.0;30.0;9.0;109.4;42.9;3.0;6.0;24.0;631.97;0.0;101.0;8.0;Stalowa Wola
PL046C;62649.0;30.0;11.0;113.4;43.4;3.0;6.0;24.0;832.78;0.31;100.0;9.0;Tomaszów Mazowiecki
PL047C;63000.0;24.0;44.0;109.8;40.8;3.0;6.0;22.0;467.35;0.16;100.0;11.0;Łomża
PL048C;63952.0;26.0;34.0;108.6;41.5;3.0;6.0;23.0;571.41;0.16;100.0;10.0;Leszno
PL049C;57310.0;46.0;4.0;111.4;44.2;3.0;6.0;24.0;1241.19;0.34;100.0;9.0;Świdnica
PL050C;56529.0;55.0;0.0;116.3;43.7;3.0;6.0;24.0;1333.46;0.35;100.0;9.0;Zgierz
PL051C;60279.0;27.0;4.0;108.4;40.5;3.0;6.0;24.0;892.48;0.5;100.0;10.0;Tczew
PL052C;61928.0;23.0;8.0;108.1;38.7;3.0;6.0;24.0;475.87;0.17;100.0;10.0;Ełk
PL053C;246309.0;33.0;38.0;111.7;43.3;2.0;6.0;29.0;601.85;0.37;100.0;9.0;Gdynia
PL054C;202036.0;23.0;21.0;111.3;45.1;2.0;6.0;28.0;551.47;0.3;100.0;8.0;Sosnowiec
PL055C;179806.0;26.0;88.0;108.0;43.0;2.0;6.0;29.0;667.72;0.28;100.0;9.0;Gliwice
PL056C;173374.0;17.0;0.0;107.3;43.3;2.0;6.0;29.0;497.2;0.29;100.0;9.0;Zabrze
PL057C;166795.0;18.0;0.0;109.4;43.1;2.0;6.0;30.0;476.51;0.3;100.0;8.0;Bytom
PL058C;171259.0;27.0;31.0;111.6;42.7;3.0;6.0;26.0;650.86;0.29;100.0;10.0;Bielsko-Biała
PL059C;138000.0;16.0;1.0;107.0;41.7;3.0;6.0;25.0;503.88;0.14;100.0;10.0;Ruda Śląska
PL060C;138696.0;18.0;3.0;105.0;41.0;3.0;6.0;20.0;575.02;0.07;100.0;10.0;Rybnik
PL061C;127831.0;22.0;0.0;107.7;41.7;3.0;6.0;24.0;602.8;0.47;100.0;9.0;Tychy
PL062C;112594.0;24.0;28.0;112.6;45.1;3.0;6.0;24.0;313.89;0.27;101.0;7.0;Wałbrzych
PL063C;120142.0;23.0;21.0;109.0;42.6;3.0;6.0;26.0;496.25;0.25;100.0;8.0;Elbląg
PL064C;110802.0;21.0;18.0;112.5;43.9;3.0;6.0;25.0;513.22;0.45;100.0;8.0;Włocławek
PL065C;109062.0;27.0;37.0;111.7;43.8;3.0;6.0;26.0;505.23;0.18;100.0;9.0;Tarnów
PL066C;108434.0;19.0;55.0;110.3;42.4;2.0;6.0;34.0;449.21;0.37;100.0;10.0;Chorzów
PL067C;99752.0;23.0;26.0;111.3;42.7;2.0;6.0;27.0;528.15;0.0;100.0;10.0;Legnica
PL068C;95045.0;16.0;7.0;110.0;42.6;3.0;6.0;25.0;446.98;0.21;100.0;9.0;Grudziądz
PT001C;1875108.0;20.0;78.0;114.1;44.0;2.0;9.0;30.0;47.746.657.074.340.400;0.3;100.0;7.0;Lisboa
PT002C;969686.0;18.0;76.0;112.8;46.0;2.0;11.0;25.0;47.746.657.074.340.400;0.29;100.0;7.0;Porto
PT003C;193671.0;15.0;112.0;109.7;44.0;3.0;8.0;20.0;47.746.657.074.340.400;0.26;100.0;7.0;Braga
PT004C;105828.0;13.0;35.0;115.4;47.0;3.0;12.0;25.0;47.746.657.074.340.400;0.57;100.0;6.0;Funchal
PT005C;141512.0;24.0;259.0;115.1;47.0;2.0;6.0;28.0;47.746.657.074.340.400;0.35;100.0;6.0;Coimbra
PT006C;122300.0;13.0;53.0;111.3;46.0;2.0;9.0;27.0;47.746.657.074.340.400;0.48;100.0;7.0;Setúbal
PT007C;67256.0;12.0;35.0;108.4;41.0;3.0;8.0;20.0;47.746.657.074.340.400;0.15;100.0;9.0;Ponta Delgada
PT008C;81843.0;17.0;173.0;110.7;45.0;2.0;6.0;25.0;47.746.657.074.340.400;0.37;100.0;7.0;Aveiro
PT009C;67396.0;17.0;125.0;111.3;45.0;2.0;9.0;28.0;47.746.657.074.340.400;0.15;100.0;7.0;Faro
PT010C;100041.0;18.0;59.0;112.7;46.0;3.0;7.0;22.0;47.746.657.074.340.400;0.5;100.0;7.0;Viseu
PT011C;85615.0;18.0;40.0;111.4;48.0;3.0;6.0;22.0;47.746.657.074.340.400;0.47;100.0;6.0;Viana do Castelo
PT012C;84439.0;18.0;26.0;106.5;43.0;3.0;9.0;15.0;47.746.657.074.340.400;0.12;100.0;8.0;Paredes
PT013C;64418.0;18.0;0.0;112.2;45.0;3.0;8.0;20.0;47.746.657.074.340.400;0.16;100.0;7.0;Póvoa de Varzim
PT014C;385777.0;13.0;0.0;112.5;43.0;2.0;9.0;25.0;47.746.657.074.340.400;0.16;100.0;7.0;Sintra
PT015C;156348.0;6.0;0.0;106.5;46.0;3.0;7.0;17.0;47.746.657.074.340.400;0.64;100.0;7.0;Guimarães
PT016C;137305.0;10.0;0.0;109.8;43.0;2.0;8.0;24.0;47.746.657.074.340.400;0.44;100.0;7.0;Vila Franca de Xira
RO001C;2131034.0;15.0;81.0;114.0;39.1;3.0;11.0;24.0;231.22;1.23;99.0;4.0;Bucureşti
RO002C;324960.0;15.0;213.0;112.9;37.4;3.0;7.0;20.0;231.22;1.4;100.0;10.0;Cluj-Napoca
RO003C;328186.0;15.0;125.0;114.2;37.8;3.0;10.0;24.0;231.22;2.25;100.0;9.0;Timişoara
RO004C;301269.0;15.0;75.0;112.6;37.5;3.0;14.0;15.0;231.22;1.17;100.0;8.0;Craiova
RO005C;202740.0;15.0;4.0;111.6;40.0;3.0;17.0;16.0;231.22;2.07;100.0;6.0;Brăila
RO006C;221407.0;15.0;73.0;112.4;37.2;3.0;6.0;20.0;231.22;1.27;100.0;9.0;Oradea
RO007C;197155.0;15.0;29.0;110.3;37.3;3.0;22.0;17.0;231.22;1.3;100.0;7.0;Bacău
RO008C;176846.0;15.0;51.0;112.8;39.0;3.0;9.0;23.0;231.22;1.69;100.0;8.0;Arad
RO009C;168697.0;15.0;94.0;113.5;38.5;3.0;9.0;19.0;231.22;1.23;100.0;9.0;Sibiu
RO010C;147674.0;15.0;81.0;112.0;38.5;3.0;10.0;20.0;231.22;0.69;100.0;8.0;Târgu Mureş
RO011C;112786.0;15.0;2.0;113.8;39.0;3.0;12.0;18.0;231.22;0.88;100.0;7.0;Piatra Neamţ
RO012C;75810.0;15.0;4.0;108.2;36.9;3.0;23.0;14.0;231.22;1.1;100.0;8.0;Cǎlǎraşi
RO013C;67121.0;15.0;0.0;109.5;38.4;3.0;25.0;15.0;231.22;2.06;100.0;7.0;Giurgiu
RO014C;74659.0;15.0;73.0;111.3;36.9;3.0;10.0;17.0;231.22;1.47;100.0;8.0;Alba Iulia
RO015C;92205.0;15.0;3.0;113.6;42.0;3.0;4.0;23.0;231.22;0.88;87.0;7.0;Focşani
RO016C;95351.0;15.0;30.0;110.0;42.0;3.0;4.0;23.0;231.22;0.88;87.0;8.0;Târgu Jiu
RO017C;86520.0;15.0;0.0;107.7;42.0;3.0;4.0;23.0;231.22;0.88;87.0;7.0;Tulcea
RO018C;91884.0;15.0;53.0;112.5;42.0;3.0;4.0;23.0;231.22;0.88;87.0;7.0;Târgovişte
RO019C;82931.0;15.0;7.0;108.4;42.0;3.0;4.0;23.0;231.22;0.88;87.0;9.0;Slatina
RO020C;70680.0;15.0;0.0;109.4;42.0;3.0;4.0;23.0;231.22;0.88;87.0;7.0;Bârlad
RO021C;69229.0;15.0;2.0;110.6;42.0;3.0;4.0;23.0;231.22;0.88;87.0;8.0;Roman
RO022C;94139.0;15.0;11.0;107.2;42.0;3.0;4.0;23.0;231.22;0.88;87.0;10.0;Bistriţa
RO023C;313021.0;15.0;70.0;113.7;40.3;3.0;4.0;23.0;231.22;0.53;87.0;8.0;Constanţa
RO024C;378954.0;15.0;140.0;108.1;35.7;3.0;4.0;23.0;231.22;1.04;87.0;10.0;Iaşi
RO025C;304050.0;15.0;50.0;107.7;38.1;3.0;4.0;23.0;231.22;1.17;87.0;7.0;Galaţi
RO026C;289360.0;15.0;73.0;112.5;39.9;3.0;4.0;23.0;231.22;2.19;87.0;8.0;Braşov
RO027C;227445.0;15.0;26.0;114.6;39.8;3.0;4.0;23.0;231.22;1.61;87.0;8.0;Ploieşti
RO028C;173985.0;15.0;48.0;113.9;37.8;3.0;4.0;23.0;231.22;2.04;87.0;8.0;Piteşti
RO029C;145444.0;15.0;33.0;109.5;36.1;3.0;4.0;23.0;231.22;1.51;87.0;9.0;Baia Mare
RO030C;132288.0;15.0;4.0;111.8;38.6;3.0;4.0;23.0;231.22;1.44;87.0;7.0;Buzău
RO031C;119788.0;15.0;8.0;111.7;37.8;3.0;4.0;23.0;231.22;0.0;87.0;7.0;Satu Mare
RO032C;120153.0;15.0;0.0;109.4;35.4;3.0;4.0;23.0;231.22;0.78;87.0;8.0;Botoşani
RO033C;117776.0;15.0;8.0;111.2;36.8;3.0;4.0;23.0;231.22;1.71;87.0;8.0;Râmnicu Vâlcea
RO034C;124589.0;15.0;67.0;102.9;36.3;3.0;4.0;23.0;231.22;1.87;87.0;9.0;Suceava
RO035C;106707.0;15.0;17.0;108.9;37.3;3.0;4.0;23.0;231.22;1.78;87.0;7.0;Drobeta-Turnu Severin
SE001C;1745766.0;47.0;43.0;100.8;37.0;2.0;6.0;38.0;237.22;0.15;88.0;14.0;Stockholm
SE002C;564039.0;45.0;62.0;100.4;36.0;2.0;7.0;42.0;258.48;0.09;89.0;14.0;Göteborg
SE003C;333633.0;43.0;49.0;102.2;35.0;2.0;15.0;41.0;276.23;0.15;86.0;16.0;Malmö
SE004C;137481.0;37.0;44.0;99.9;38.0;2.0;5.0;37.0;402.14;0.29;93.0;12.0;Jönköping
SE005C;125080.0;48.0;116.0;99.3;35.0;2.0;5.0;41.0;349.82;0.08;94.0;12.0;Umeå
SE006C;219914.0;50.0;94.0;102.5;36.0;2.0;6.0;39.0;313.71;0.05;90.0;12.0;Uppsala
SE007C;158520.0;46.0;82.0;96.4;36.0;2.0;6.0;40.0;355.24;0.13;93.0;11.0;Linköping
SE008C;150291.0;38.0;55.0;101.9;37.0;2.0;7.0;41.0;360.49;0.2;93.0;12.0;Örebro
SE010C;150134.0;37.0;43.0;99.6;40.0;2.0;9.0;38.0;398.3;0.07;92.0;12.0;Västerås
SE011C;140927.0;32.0;43.0;100.2;39.0;2.0;12.0;38.0;380.76;0.14;92.0;12.0;Norrköping
SE012C;143304.0;34.0;43.0;102.1;39.0;2.0;11.0;39.0;357.02;0.07;90.0;13.0;Helsingborg
SE013C;121274.0;62.0;43.0;101.3;35.0;2.0;6.0;42.0;298.84;0.08;89.0;10.0;Lund
SE014C;111026.0;31.0;43.0;100.9;39.0;2.0;7.0;38.0;396.27;0.18;91.0;12.0;Borås
SI001C;295504.0;42.0;157.0;105.4;42.2;2.0;9.0;41.0;515.14;0.14;88.0;9.0;Ljubljana
SI002C;112682.0;34.0;137.0;101.8;45.4;2.0;12.0;42.0;490.3;0.53;89.0;8.0;Maribor
SK001C;475577.0;33.0;120.0;109.2;42.2;2.0;3.0;37.0;400.28;0.16;97.0;11.0;Bratislava
SK002C;227458.0;22.0;85.0;109.2;42.7;2.0;11.0;31.0;317.52;0.13;99.0;9.0;Košice
SK003C;75317.0;26.0;103.0;112.4;44.1;2.0;8.0;30.0;338.46;0.0;99.0;10.0;Banská Bystrica
SK004C;77610.0;25.0;162.0;109.3;43.6;2.0;10.0;32.0;376.89;0.13;99.0;9.0;Nitra
SK005C;83897.0;23.0;110.0;108.8;42.4;3.0;13.0;29.0;292.63;0.11;99.0;9.0;Prešov
SK006C;81940.0;24.0;98.0;106.0;42.3;3.0;11.0;28.0;329.91;0.12;99.0;10.0;Žilina
SK007C;63194.0;18.0;194.0;107.9;42.9;2.0;7.0;33.0;390.3;0.15;99.0;11.0;Trnava
SK008C;54458.0;22.0;48.0;108.8;44.1;3.0;8.0;29.0;355.22;0.18;99.0;9.0;Trenčín
UK001C;8866541.0;57.0;40.0;100.4;40.1;3.0;5.0;27.0;282.79;0.13;78.0;14.0;London
UK002C;1139249.0;37.0;72.0;102.0;32.6;3.0;8.0;25.0;330.57;0.12;85.0;14.0;Birmingham
UK003C;787020.0;46.0;80.0;103.8;35.4;2.0;3.0;27.0;376.69;0.33;91.0;13.0;Leeds
UK004C;623715.0;47.0;115.0;104.9;35.6;2.0;6.0;39.0;291.15;0.13;85.0;10.0;Glasgow
UK005C;535987.0;29.0;19.0;102.9;36.2;3.0;4.0;27.0;356.83;0.28;91.0;14.0;Bradford
UK006C;493182.0;44.0;119.0;100.7;34.7;2.0;4.0;34.0;276.33;0.12;91.0;12.0;Liverpool
UK007C;515855.0;63.0;114.0;105.1;36.4;2.0;5.0;33.0;326.51;0.1;82.0;9.0;Edinburgh
UK008C;546564.0;52.0;136.0;97.4;30.0;3.0;5.0;32.0;258.06;0.18;80.0;13.0;Manchester
UK009C;363502.0;56.0;117.0;102.1;33.6;2.0;5.0;26.0;370.02;0.22;90.0;11.0;Cardiff
UK010C;580148.0;53.0;104.0;101.0;35.4;2.0;5.0;30.0;351.1;0.34;90.0;10.0;Sheffield
UK011C;461329.0;59.0;54.0;99.6;32.5;2.0;4.0;30.0;377.65;0.15;89.0;13.0;Bristol
UK012C;341049.0;3.360.377.358.490.560;79.0;106.0;35.8;22.370.283.018.867.900;5.0;30.0;329.06;0.12;95.0;13.0;Belfast
UK013C;298019.0;47.0;178.0;97.9;32.4;2.0;5.0;33.0;294.91;0.34;91.0;11.0;Newcastle upon Tyne
UK014C;354379.0;34.0;122.0;99.8;31.6;3.0;5.0;26.0;322.51;0.2;75.0;13.0;Leicester
UK015C;228180.0;54.0;118.0;100.9;37.1;2.0;7.0;37.0;394.73;0.09;83.0;10.0;Aberdeen
UK016C;125339.0;79.0;164.0;93.0;30.6;3.0;5.0;30.0;313.88;0.0;69.0;11.0;Cambridge
UK017C;129672.0;54.0;185.0;101.6;33.7;2.0;6.0;24.0;364.72;0.32;85.0;9.0;Exeter
UK018C;98739.0;29.0;174.0;101.4;33.5;2.0;4.0;38.0;368.89;0.0;83.0;11.0;Lincoln
UK019C;106253.0;31.0;0.0;103.0;39.6;2.0;6.0;20.0;459.98;0.29;95.0;12.0;Gravesham
UK020C;87747.0;32.0;0.0;102.9;38.1;2.0;6.0;28.0;461.09;0.23;95.0;13.0;Stevenage
UK021C;135849.0;38.0;42.0;99.6;42.2;2.0;4.0;28.0;483.05;0.07;94.0;11.0;Wrexham
UK022C;214926.0;44.0;114.0;96.3;33.9;2.0;5.0;33.0;343.34;0.14;91.0;11.0;Portsmouth
UK023C;102103.0;35.0;106.0;102.4;38.3;2.0;2.0;22.0;472.62;0.3;92.0;11.0;Worcester
UK024C;363467.0;41.0;165.0;97.3;32.1;3.0;5.0;26.0;359.94;0.47;84.0;12.0;Coventry
UK025C;260659.0;27.0;60.0;98.4;35.6;2.0;6.0;27.0;340.84;0.23;87.0;13.0;Kingston-upon-Hull
UK026C;255606.0;24.0;56.0;99.1;37.7;2.0;7.0;30.0;401.29;0.08;90.0;13.0;Stoke-on-Trent
UK027C;260967.0;25.0;75.0;101.5;37.7;2.0;8.0;35.0;392.38;0.19;85.0;13.0;Wolverhampton
UK028C;330139.0;37.0;194.0;97.1;29.7;3.0;6.0;36.0;271.13;0.03;79.0;12.0;Nottingham
UK029C;323016.0;39.0;35.0;106.5;44.3;2.0;2.0;31.0;436.94;0.22;95.0;10.0;Wirral
UK030C;190392.0;61.0;134.0;102.3;38.2;2.0;3.0;24.0;448.11;0.21;91.0;9.0;Bath and North East Somerset
UK031C;171460.0;28.0;35.0;102.5;36.9;3.0;4.0;26.0;465.92;0.17;84.0;14.0;Thurrock
UK032C;147833.0;53.0;115.0;100.1;37.5;3.0;4.0;26.0;506.33;0.56;87.0;9.0;Guildford
UK033C;141578.0;37.0;35.0;106.3;44.7;2.0;4.0;28.0;431.77;0.07;98.0;11.0;Thanet
UK034C;128781.0;27.0;35.0;103.5;41.4;2.0;5.0;30.0;492.79;0.08;92.0;12.0;Nuneaton and Bedworth
UK035C;118058.0;47.0;35.0;102.6;43.0;2.0;6.0;24.0;498.63;0.43;89.0;10.0;Tunbridge Wells
UK036C;128404.0;29.0;35.0;105.7;41.9;2.0;4.0;19.0;519.66;0.49;95.0;11.0;Ashford
UK037C;118063.0;37.0;35.0;99.3;42.1;2.0;3.0;24.0;492.43;0.35;82.0;11.0;East Staffordshire
UK038C;106457.0;36.0;35.0;105.4;43.1;2.0;4.0;32.0;435.05;0.19;93.0;10.0;Darlington
UK039C;109829.0;40.0;35.0;107.2;44.8;2.0;2.0;22.0;471.82;0.19;88.0;10.0;Worthing
UK040C;108709.0;25.0;35.0;103.1;42.1;2.0;3.0;33.0;457.01;0.28;96.0;11.0;Mansfield
UK041C;104604.0;33.0;35.0;104.1;44.5;2.0;5.0;27.0;454.26;0.1;93.0;10.0;Chesterfield
UK042C;88116.0;28.0;35.0;102.7;39.9;2.0;6.0;25.0;395.01;0.57;92.0;12.0;Burnley
UK043C;99394.0;9.0;35.0;102.2;45.7;2.0;6.0;29.0;451.13;0.2;91.0;11.0;Great Yarmouth
UK044C;101148.0;61.0;35.0;100.5;40.8;3.0;3.0;19.0;533.63;0.1;89.0;13.0;Woking
UK045C;93131.0;27.0;35.0;104.9;41.8;2.0;11.0;33.0;404.62;0.21;96.0;11.0;Hartlepool
UK046C;99618.0;29.0;35.0;101.9;42.6;2.0;4.0;28.0;489.92;0.2;97.0;11.0;Cannock Chase
UK047C;103206.0;40.0;35.0;106.3;45.7;2.0;6.0;43.0;421.75;0.1;90.0;10.0;Eastbourne
UK048C;92834.0;37.0;35.0;104.6;43.0;2.0;10.0;37.0;401.02;0.11;89.0;12.0;Hastings
UK049C;80613.0;17.0;35.0;102.4;39.7;2.0;6.0;35.0;414.05;0.75;98.0;12.0;Hyndburn
UK050C;85097.0;35.0;35.0;101.0;40.1;2.0;5.0;14.0;499.71;0.0;94.0;11.0;Redditch
UK051C;76603.0;21.0;35.0;103.7;41.2;2.0;6.0;25.0;477.84;0.0;96.0;11.0;Tamworth
UK052C;86393.0;39.0;35.0;105.6;37.5;2.0;4.0;24.0;467.38;0.0;88.0;14.0;Harlow
UK053C;128014.0;29.0;35.0;104.9;41.0;2.0;4.0;32.0;445.75;0.16;96.0;11.0;Halton
UK054C;437936.0;36.0;42.0;101.8;39.4;2.0;5.0;27.0;412.92;0.23;94.0;11.0;Kirklees
UK055C;340070.0;35.0;35.0;106.5;41.4;2.0;4.0;32.0;413.75;0.15;96.0;10.0;North Lanarkshire (Airdrie/Bellshill/Coatbridge/Motherwell)
UK056C;342914.0;26.0;35.0;103.4;41.8;2.0;6.0;28.0;446.32;0.41;93.0;12.0;Wakefield
UK057C;320023.0;26.0;35.0;103.9;42.1;2.0;5.0;29.0;468.01;0.19;94.0;11.0;Dudley
UK058C;325369.0;31.0;35.0;100.5;42.2;2.0;4.0;26.0;441.3;0.18;97.0;10.0;Wigan
UK059C;309741.0;24.0;35.0;101.1;41.3;2.0;6.0;28.0;443.89;0.36;91.0;11.0;Doncaster
UK060C;291410.0;45.0;35.0;104.1;42.5;2.0;3.0;26.0;474.6;0.03;96.0;11.0;Stockport
UK061C;274993.0;32.0;35.0;107.7;46.4;2.0;3.0;32.0;420.7;0.04;94.0;9.0;Sefton
UK062C;326419.0;24.0;35.0;101.6;36.5;3.0;6.0;29.0;373.16;0.18;84.0;14.0;Sandwell
UK063C;277333.0;26.0;51.0;105.1;42.2;2.0;7.0;32.0;384.53;0.11;95.0;10.0;Sunderland
UK064C;285093.0;34.0;23.0;101.6;38.8;2.0;5.0;27.0;403.46;0.21;93.0;13.0;Bolton
UK065C;282336.0;32.0;35.0;103.4;38.2;3.0;5.0;27.0;410.55;0.18;91.0;13.0;Walsall
UK066C;277736.0;32.0;35.0;101.8;38.1;2.0;4.0;29.0;461.1;0.11;95.0;13.0;Medway
UK067C;264023.0;28.0;35.0;103.5;42.1;2.0;5.0;30.0;447.82;0.19;95.0;11.0;Rotherham
UK068C;289275.0;59.0;136.0;99.0;35.4;2.0;8.0;31.0;309.97;0.07;88.0;9.0;Brighton and Hove
UK069C;263085.0;35.0;94.0;100.7;38.3;2.0;5.0;28.0;410.63;0.11;93.0;10.0;Plymouth
UK070C;245973.0;41.0;84.0;100.2;39.6;2.0;6.0;29.0;466.6;0.16;91.0;10.0;Swansea
UK071C;257104.0;41.0;72.0;102.0;36.9;2.0;4.0;28.0;401.95;0.35;88.0;12.0;Derby
UK072C;244270.0;30.0;35.0;102.6;42.5;2.0;6.0;31.0;441.98;0.37;94.0;11.0;Barnsley
UK073C;252578.0;47.0;139.0;95.9;32.2;2.0;6.0;31.0;368.41;0.12;83.0;12.0;Southampton
UK074C;234691.0;32.0;35.0;103.0;37.1;3.0;5.0;28.0;365.71;0.21;92.0;14.0;Oldham
UK075C;252870.0;34.0;80.0;98.4;35.0;2.0;6.0;35.0;343.18;0.2;85.0;14.0;Salford
UK076C;224658.0;29.0;35.0;103.6;40.2;2.0;5.0;33.0;414.43;0.13;92.0;12.0;Tameside
UK077C;235932.0;54.0;35.0;104.5;40.6;2.0;4.0;28.0;451.32;0.38;94.0;11.0;Trafford
UK078C;268064.0;43.0;440.0;102.0;37.6;3.0;5.0;27.0;471.4;0.34;90.0;13.0;Milton Keynes
UK079C;219230.0;27.0;35.0;102.7;38.1;2.0;5.0;32.0;387.77;0.18;91.0;13.0;Rochdale
UK080C;214421.0;43.0;35.0;105.4;43.3;2.0;4.0;28.0;508.43;0.19;95.0;10.0;Solihull
UK081C;225401.0;34.0;53.0;101.4;37.2;2.0;6.0;17.0;469.75;0.14;84.0;13.0;Northampton
UK082C;205229.0;35.0;35.0;106.8;43.4;2.0;4.0;29.0;411.05;0.05;96.0;11.0;North Tyneside
UK083C;202464.0;34.0;35.0;103.2;41.3;2.0;4.0;32.0;363.69;0.35;93.0;10.0;Gateshead
UK084C;209626.0;42.0;35.0;101.4;42.2;2.0;4.0;26.0;498.48;0.19;94.0;10.0;Warrington
UK085C;214384.0;39.0;60.0;97.1;34.2;3.0;5.0;25.0;374.9;0.14;79.0;15.0;Luton
UK086C;209028.0;57.0;120.0;104.1;37.6;2.0;2.0;27.0;390.19;0.24;93.0;9.0;York
UK087C;189868.0;42.0;35.0;104.0;40.4;2.0;4.0;31.0;432.41;0.05;91.0;12.0;Bury
UK088C;221180.0;35.0;35.0;100.4;39.8;2.0;4.0;28.0;468.93;0.41;85.0;12.0;Swindon
UK089C;196850.0;38.0;35.0;102.8;40.4;2.0;7.0;31.0;444.65;0.2;95.0;11.0;Stockton-on-Tees
UK090C;179690.0;34.0;35.0;103.2;43.0;2.0;4.0;32.0;448.67;0.33;95.0;11.0;St. Helens
UK091C;185171.0;24.0;35.0;105.9;39.3;2.0;2.0;20.0;468.71;0.17;94.0;13.0;Basildon
UK092C;194554.0;43.0;35.0;98.5;38.8;2.0;3.0;30.0;431.73;0.1;85.0;10.0;Bournemouth
UK093C;182136.0;34.0;35.0;104.1;41.6;2.0;2.0;32.0;428.74;0.0;92.0;11.0;Southend-on-Sea
UK094C;176784.0;34.0;30.0;101.2;39.4;2.0;4.0;26.0;468.96;0.28;91.0;12.0;Telford and Wrekin
UK095C;159824.0;25.0;35.0;103.9;42.4;2.0;6.0;28.0;419.9;0.13;95.0;11.0;North East Lincolnshire
UK096C;176637.0;42.0;138.0;102.4;41.7;2.0;5.0;24.0;520.38;0.29;92.0;11.0;Chelmsford
UK097C;199978.0;27.0;35.0;99.5;36.5;3.0;6.0;24.0;445.23;0.2;79.0;14.0;Peterborough
UK098C;191311.0;43.0;77.0;101.2;37.9;2.0;3.0;23.0;464.28;0.06;90.0;11.0;Colchester
UK099C;149910.0;31.0;35.0;106.2;43.5;2.0;7.0;33.0;377.77;0.07;98.0;10.0;South Tyneside
UK100C;175533.0;42.0;35.0;102.2;41.0;2.0;3.0;21.0;542.36;0.12;96.0;11.0;Basingstoke and Deane
UK101C;170768.0;45.0;35.0;102.6;40.2;2.0;3.0;25.0;503.05;0.23;85.0;13.0;Bedford
UK102C;148730.0;45.0;129.0;107.3;37.0;2.0;6.0;41.0;353.95;0.07;91.0;10.0;Dundee City
UK103C;160235.0;38.0;35.0;104.3;43.3;2.0;3.0;31.0;476.01;0.25;96.0;9.0;Falkirk
UK104C;163139.0;64.0;35.0;98.1;34.4;2.0;4.0;30.0;389.23;0.06;83.0;13.0;Reading
UK105C;139588.0;28.0;35.0;102.0;43.5;2.0;7.0;31.0;383.45;0.14;94.0;12.0;Blackpool
UK106C;168843.0;42.0;35.0;102.7;41.4;2.0;2.0;20.0;519.49;0.37;92.0;12.0;Maidstone
UK107C;153798.0;42.0;35.0;103.5;40.6;2.0;3.0;27.0;517.86;0.2;95.0;12.0;Dacorum
UK108C;148857.0;30.0;35.0;99.7;36.3;3.0;5.0;28.0;368.96;0.2;92.0;14.0;Blackburn with Darwen
UK109C;152394.0;35.0;38.0;103.3;38.8;2.0;4.0;27.0;456.45;0.46;90.0;13.0;Newport
UK110C;140592.0;31.0;131.0;102.4;36.2;2.0;9.0;34.0;366.64;0.21;91.0;13.0;Middlesbrough
UK111C;154455.0;84.0;272.0;96.0;29.0;3.0;4.0;21.0;300.12;0.13;75.0;11.0;Oxford
UK112C;135514.0;33.0;35.0;105.5;48.6;2.0;5.0;32.0;472.68;0.15;93.0;9.0;Torbay
UK113C;141582.0;52.0;162.0;97.3;35.2;2.0;4.0;26.0;383.76;0.21;88.0;12.0;Preston
UK114C;147234.0;60.0;35.0;104.1;40.9;3.0;4.0;27.0;515.41;0.21;84.0;12.0;St Albans
UK115C;141383.0;62.0;35.0;99.7;39.8;2.0;3.0;24.0;508.67;0.14;85.0;10.0;Warwick
UK116C;129227.0;45.0;84.0;101.2;41.9;2.0;4.0;38.0;456.07;0.4;96.0;9.0;Newcastle-under-Lyme
UK117C;140745.0;50.0;143.0;101.7;33.3;2.0;4.0;28.0;350.29;0.0;87.0;11.0;Norwich
UK118C;148940.0;47.0;35.0;98.3;34.8;3.0;4.0;25.0;415.43;0.47;78.0;16.0;Slough
UK119C;339244.0;46.0;45.0;105.1;44.4;2.0;4.0;22.0;523.94;0.41;96.0;10.0;Cheshire West and Chester
UK120C;138006.0;31.0;39.0;99.7;37.8;2.0;3.0;25.0;425.66;0.22;88.0;13.0;Ipswich
UK121C;117109.0;53.0;72.0;103.8;40.2;2.0;2.0;25.0;472.4;0.09;86.0;10.0;Cheltenham
UK122C;129184.0;35.0;35.0;102.2;38.9;2.0;2.0;23.0;469.26;0.08;91.0;13.0;Gloucester
UK123C;121027.0;46.0;35.0;101.2;39.1;2.0;2.0;26.0;539.22;0.25;89.0;12.0;Bracknell Forest
UK124C;108331.0;29.0;70.0;104.8;44.8;2.0;4.0;26.0;456.54;0.09;95.0;9.0;Carlisle
UK125C;112056.0;39.0;35.0;99.3;37.2;2.0;9.0;24.0;449.41;0.27;85.0;14.0;Crawley
UK126C;96721.0;49.0;35.0;101.7;36.7;2.0;4.0;31.0;430.33;0.31946619217081795;80.0;14.0;Watford
UK127C;85396.0;23.0;35.0;101.1;42.2;2.0;4.0;27.0;443.23;0.31946619217081795;94.0;10.0;Gosport
UK128C;131159.0;56.0;35.0;104.9;42.2;2.0;3.0;15.0;537.23;0.31946619217081795;96.0;11.0;Eastleigh
UK129C;95480.0;42.0;35.0;98.3;38.3;2.0;3.0;21.0;502.44;0.31946619217081795;86.0;14.0;Rushmoor
UK130C;106772.0;41.0;35.0;100.7;41.3;2.0;4.0;20.0;527.51;0.31946619217081795;85.0;11.0;Rugby
UK131C;70184.0;18.0;35.0;102.8;37.4;2.0;4.0;34.0;464.14;0.31946619217081795;83.0;13.0;Corby
UK132C;100759.0;41.0;35.0;103.5;41.2;2.0;5.0;26.0;514.03;0.31946619217081795;91.0;12.0;Kettering
UK133C;78455.0;38.0;35.0;109.0;46.0;2.0;5.0;37.0;421.5;0.0;98.0;9.0;Inverclyde (Greenock)
UK134C;177310.0;42.0;93.0;107.2;43.1;2.0;5.0;35.0;434.7;0.23;95.0;10.0;Renfrewshire (Paisley)
UK135C;150588.0;3.360.377.358.490.560;35.0;103.6;37.7;22.370.283.018.867.900;5.0;30.0;434.88;0.13;95.0;13.0;Derry & Strabane Local Government District
